table,field_name,type,length,decimals
2023\AGING.DBF,PCODE,C,10,0
2023\AGING.DBF,ACC_CODE,C,10,0
2023\AGING.DBF,DATE,D,8,0
2023\AGING.DBF,ACC_NAME,C,40,0
2023\AGING.DBF,OPEN_DATE,D,8,0
2023\AGING.DBF,DR_AMOUNT,N,10,2
2023\AGING.DBF,VOU_NO,C,10,0
2023\AGING.DBF,INVOICENO,N,10,0
2023\AGING.DBF,AVOU_NO,N,10,0
2023\AGING.DBF,ADR_AMOUNT,N,12,0
2023\AGING.DBF,DRCR1,C,2,0
2023\AGING.DBF,BALANCE,N,12,2
2023\AGING.DBF,DEBIT,N,12,2
2023\AGING.DBF,CREDIT,N,12,2
2023\aging2.DBF,TYPE,C,12,0
2023\aging2.DBF,SNOX,N,4,0
2023\aging2.DBF,ACC_CODE,C,10,0
2023\aging2.DBF,DATE,D,8,0
2023\aging2.DBF,ACC_NAME,C,40,0
2023\aging2.DBF,VEHICLE_NO,C,10,0
2023\aging2.DBF,OPEN_DATE,D,8,0
2023\aging2.DBF,DR_AMOUNT,N,12,2
2023\aging2.DBF,VOU_NO,C,10,0
2023\aging2.DBF,AVOU_NO,N,5,0
2023\aging2.DBF,ADR_AMOUNT,N,10,3
2023\aging2.DBF,DRCR1,C,2,0
2023\aging2.DBF,BALANCE,N,12,2
2023\BARCODE.DBF,CODE,N,10,0
2023\BARCODE.DBF,CODE1,N,10,0
2023\BARCODE.DBF,CODE2,N,10,0
2023\BARCODE.DBF,CODE3,N,10,0
2023\BARCODE.DBF,CODE4,N,10,0
2023\BARCODE.DBF,CODE5,N,10,0
2023\BATCH.DBF,CODE,N,8,0
2023\BATCH.DBF,CATEGORY,C,50,0
2023\BATCH.DBF,UNIT,C,10,0
2023\BATCH.DBF,FILL,N,10,3
2023\BATCH.DBF,PRATE,N,10,4
2023\BATCH.DBF,RATE,N,10,2
2023\BCODE.DBF,CODE,N,6,0
2023\BCODE.DBF,MLNAME,C,50,0
2023\BCODE.DBF,UNIT,C,12,0
2023\BCODE.DBF,RATE,N,10,2
2023\BDB.DBF,MODE,C,1,0
2023\BDB.DBF,DATE,D,8,0
2023\BDB.DBF,PCODE,C,8,0
2023\BDB.DBF,LNAME,C,40,0
2023\BDB.DBF,PARTICULAR,C,70,0
2023\BDB.DBF,TYPE,C,1,0
2023\BDB.DBF,VNO,N,6,0
2023\BDB.DBF,QTY,N,12,2
2023\BDB.DBF,PDATE,D,8,0
2023\BDB.DBF,CODE,N,10,0
2023\BDB.DBF,INVOICENO,N,10,0
2023\BDB.DBF,BILLNO,N,10,0
2023\BDB.DBF,UNIT,C,10,0
2023\BDB.DBF,RATE,N,10,0
2023\BDB.DBF,CASE,N,10,0
2023\BDB.DBF,FILL,N,7,0
2023\BDB.DBF,SAMOUNT,N,10,0
2023\BDB.DBF,DISCOUNT,N,10,0
2023\BDB.DBF,STAX,N,10,0
2023\BDB.DBF,GATEPASS,N,8,0
2023\BDB.DBF,PVALUE,N,10,0
2023\BDB.DBF,DEBIT,N,10,0
2023\BDB.DBF,CREDIT,N,10,0
2023\BDB.DBF,BALANCE,N,10,0
2023\BDB.DBF,LBALANCE,N,10,0
2023\BDB.DBF,OPDR,N,10,0
2023\BDB.DBF,OPCR,N,10,0
2023\BDB.DBF,CBL,N,10,0
2023\BILL.DBF,DEPT,C,1,0
2023\BILL.DBF,DATE,D,8,0
2023\BILL.DBF,PCODE,C,10,0
2023\BILL.DBF,SPO,C,5,0
2023\BILL.DBF,PARTICULAR,C,80,0
2023\BILL.DBF,TYPE,C,1,0
2023\BILL.DBF,VNO,N,6,0
2023\BILL.DBF,CCODE,N,10,0
2023\BILL.DBF,GCODE,N,10,0
2023\BILL.DBF,CODE,N,10,0
2023\BILL.DBF,RECENO,N,10,0
2023\BILL.DBF,LOTNO,N,10,0
2023\BILL.DBF,INVOICENO,N,10,0
2023\BILL.DBF,BILLNO,N,10,0
2023\BILL.DBF,CELLNO,C,15,0
2023\BILL.DBF,VEHNO,C,15,0
2023\BILL.DBF,CNO,C,15,0
2023\BILL.DBF,CNO1,C,15,0
2023\BILL.DBF,BUILTYNO,N,10,0
2023\BILL.DBF,FREIGHT,N,10,0
2023\BILL.DBF,TRUCKADA,C,40,0
2023\BILL.DBF,UNIT,C,10,0
2023\BILL.DBF,RATE,N,10,2
2023\BILL.DBF,CASE,N,10,0
2023\BILL.DBF,FILL,N,10,3
2023\BILL.DBF,GQTY,N,10,2
2023\BILL.DBF,LESS,N,10,2
2023\BILL.DBF,OTHERS,N,10,0
2023\BILL.DBF,LABOUR,N,10,0
2023\BILL.DBF,BROKERY,N,10,2
2023\BILL.DBF,ABARDANA,N,10,0
2023\BILL.DBF,ABROKERY,N,10,0
2023\BILL.DBF,ALABOUR,N,10,0
2023\BILL.DBF,ASTICHING,N,10,0
2023\BILL.DBF,AEXTRALOAD,N,10,0
2023\BILL.DBF,ASOTTRI,N,10,0
2023\BILL.DBF,AINNERLAB,N,10,0
2023\BILL.DBF,AMUNSHYANA,N,10,0
2023\BILL.DBF,STICHING,N,10,0
2023\BILL.DBF,QTY,N,10,2
2023\BILL.DBF,SAMOUNT,N,10,2
2023\BILL.DBF,DISC,N,10,2
2023\BILL.DBF,SDISCOUNT,N,10,0
2023\BILL.DBF,DISCOUNT,N,10,2
2023\BILL.DBF,PVALUE,N,10,2
2023\BILL.DBF,RETURN,N,10,2
2023\BILL.DBF,DEBIT,N,10,2
2023\BILL.DBF,CREDIT,N,10,2
2023\BILL.DBF,BALANCE,N,10,2
2023\BILL.DBF,LBALANCE,N,10,0
2023\BILL.DBF,OPDR,N,10,0
2023\BILL.DBF,OPCR,N,10,0
2023\BILL.DBF,CDR,N,10,0
2023\BILL.DBF,CCR,N,10,0
2023\BILL.DBF,CBL,N,10,0
2023\BILL.DBF,LNAME,C,60,0
2023\BILL.DBF,BSCODE,C,5,0
2023\BILL.DBF,PLCODE,C,5,0
2023\BILL.DBF,CFCODE,C,5,0
2023\BILL.DBF,PDATE,D,8,0
2023\BILL.DBF,REMARKS,C,40,0
2023\BILL.DBF,DETAILS,M,4,0
2023\BILL.DBF,LCODE,N,10,0
2023\BILL.DBF,LOCATION,C,30,0
2023\BSCODE.DBF,BSCODE,C,5,0
2023\BSCODE.DBF,DEP_NM,C,60,0
2023\CDB.DBF,DATE,D,8,0
2023\CDB.DBF,MLC,C,6,0
2023\CDB.DBF,PARTICULAR,C,70,0
2023\CDB.DBF,TYPE,C,1,0
2023\CDB.DBF,VNO,N,6,0
2023\CDB.DBF,DEBIT,N,12,0
2023\CDB.DBF,CREDIT,N,12,0
2023\CDB.DBF,BALANCE,N,12,0
2023\CHEQUE.DBF,TITLE,C,60,0
2023\CHEQUE.DBF,DATE,D,8,0
2023\CHEQUE.DBF,CHQNO,N,10,0
2023\CHEQUE.DBF,DEBIT,N,10,0
2023\CHEQUE.DBF,WORD,C,80,0
2023\CMF.DBF,PCODE,C,10,0
2023\CMF.DBF,MLNAME,C,40,0
2023\CMF.DBF,URDU,C,40,0
2023\CMF.DBF,ADDRESS,C,40,0
2023\CMF.DBF,ADDRESS2,C,40,0
2023\CMF.DBF,ADDRESS3,C,40,0
2023\CMF.DBF,ADDRESS4,C,40,0
2023\CMF.DBF,DATE,D,8,0
2023\CMF.DBF,BSCODE,C,5,0
2023\CMF.DBF,PLCODE,C,5,0
2023\CMF.DBF,CFCODE,C,5,0
2023\CMF.DBF,DR,N,14,0
2023\CMF.DBF,CR,C,14,0
2023\CMF.DBF,DISC,N,10,2
2023\CMF.DBF,UC,N,10,0
2023\CMF.DBF,CREDIT,N,14,0
2023\CMF.DBF,BALANCE,N,14,0
2023\CODE.DBF,MAINCODE,C,10,0
2023\CODE.DBF,CODE,N,6,0
2023\CODE.DBF,MLNAME,C,50,0
2023\CODE.DBF,UNIT,C,12,0
2023\CODE.DBF,PRATE,N,12,2
2023\CODE.DBF,RATE,N,12,2
2023\COMPANY.DBF,CCODE,N,6,0
2023\COMPANY.DBF,MLNAME,C,30,0
2023\CONFIG.DBF,CNAME,C,18,0
2023\CONFIG.DBF,CYER1,D,8,0
2023\CONFIG.DBF,CYER2,D,8,0
2023\CONFIG.DBF,PASS,M,10,0
2023\CONFIG.DBF,MASTER,M,10,0
2023\CONFIG.DBF,ADD,M,10,0
2023\CONFIG.DBF,SREPORT,M,10,0
2023\CONFIG.DBF,VIEW,M,10,0
2023\CONFIG1.DBF,CNAME,C,18,0
2023\CONFIG1.DBF,CYER1,D,8,0
2023\CONFIG1.DBF,CYER2,D,8,0
2023\CONFIG1.DBF,PASS,M,4,0
2023\CONFIG1.DBF,MASTER,M,4,0
2023\CONFIG1.DBF,M1,C,1,0
2023\CONFIG1.DBF,M2,C,1,0
2023\CONFIG1.DBF,M3,C,1,0
2023\CONFIG1.DBF,M4,C,1,0
2023\CONFIG1.DBF,M5,C,1,0
2023\CONFIG1.DBF,M6,C,1,0
2023\CONFIG1.DBF,M7,C,1,0
2023\CONFIG1.DBF,M8,C,1,0
2023\CONFIG1.DBF,M9,C,1,0
2023\CONFIG1.DBF,M10,C,1,0
2023\CONFIG1.DBF,ADDRECORD,M,4,0
2023\CONFIG1.DBF,M11,C,1,0
2023\CONFIG1.DBF,A1,C,1,0
2023\CONFIG1.DBF,A2,C,1,0
2023\CONFIG1.DBF,A3,C,1,0
2023\CONFIG1.DBF,A4,C,1,0
2023\CONFIG1.DBF,A5,C,1,0
2023\CONFIG1.DBF,A6,C,1,0
2023\CONFIG1.DBF,A7,C,1,0
2023\CONFIG1.DBF,A8,C,1,0
2023\CONFIG1.DBF,A9,C,1,0
2023\CONFIG1.DBF,A10,C,1,0
2023\CONFIG1.DBF,A11,C,1,0
2023\CONFIG1.DBF,A12,C,1,0
2023\CONFIG1.DBF,A13,C,1,0
2023\CONFIG1.DBF,A14,C,1,0
2023\CONFIG1.DBF,A15,C,1,0
2023\CONFIG1.DBF,A16,C,1,0
2023\CONFIG1.DBF,A17,C,1,0
2023\CONFIG1.DBF,A18,C,1,0
2023\CONFIG1.DBF,A19,C,1,0
2023\CONFIG1.DBF,A20,C,1,0
2023\CONFIG1.DBF,A21,C,1,0
2023\CONFIG1.DBF,A22,C,1,0
2023\CONFIG1.DBF,A23,C,1,0
2023\CONFIG1.DBF,AACCREPORT,M,4,0
2023\CONFIG1.DBF,F1,C,1,0
2023\CONFIG1.DBF,F2,C,1,0
2023\CONFIG1.DBF,F3,C,1,0
2023\CONFIG1.DBF,F4,C,1,0
2023\CONFIG1.DBF,F5,C,1,0
2023\CONFIG1.DBF,F6,C,1,0
2023\CONFIG1.DBF,F7,C,1,0
2023\CONFIG1.DBF,F8,C,1,0
2023\CONFIG1.DBF,F9,C,1,0
2023\CONFIG1.DBF,F10,C,1,0
2023\CONFIG1.DBF,F11,C,1,0
2023\CONFIG1.DBF,F12,C,1,0
2023\CONFIG1.DBF,F13,C,1,0
2023\CONFIG1.DBF,F14,C,1,0
2023\CONFIG1.DBF,F15,C,1,0
2023\CONFIG1.DBF,F16,C,1,0
2023\CONFIG1.DBF,F17,C,1,0
2023\CONFIG1.DBF,F18,C,1,0
2023\CONFIG1.DBF,F19,C,1,0
2023\CONFIG1.DBF,F20,C,1,0
2023\CONFIG1.DBF,F21,C,1,0
2023\CONFIG1.DBF,F22,C,1,0
2023\CONFIG1.DBF,F23,C,1,0
2023\CONFIG1.DBF,F24,C,1,0
2023\CONFIG1.DBF,F25,C,1,0
2023\CONFIG1.DBF,PURREPORT,M,4,0
2023\CONFIG1.DBF,P1,C,1,0
2023\CONFIG1.DBF,P2,C,1,0
2023\CONFIG1.DBF,P3,C,1,0
2023\CONFIG1.DBF,P4,C,1,0
2023\CONFIG1.DBF,P5,C,1,0
2023\CONFIG1.DBF,P6,C,1,0
2023\CONFIG1.DBF,P7,C,1,0
2023\CONFIG1.DBF,P8,C,1,0
2023\CONFIG1.DBF,P9,C,1,0
2023\CONFIG1.DBF,SALEREPORT,M,4,0
2023\CONFIG1.DBF,S1,C,1,0
2023\CONFIG1.DBF,S2,C,1,0
2023\CONFIG1.DBF,S3,C,1,0
2023\CONFIG1.DBF,S4,C,1,0
2023\CONFIG1.DBF,S5,C,1,0
2023\CONFIG1.DBF,S6,C,1,0
2023\CONFIG1.DBF,S7,C,1,0
2023\CONFIG1.DBF,S8,C,1,0
2023\CONFIG1.DBF,S9,C,1,0
2023\CONFIG1.DBF,S10,C,1,0
2023\CONFIG1.DBF,S11,C,1,0
2023\CONFIG1.DBF,S12,C,1,0
2023\CONFIG1.DBF,S13,C,1,0
2023\CONFIG1.DBF,S14,C,1,0
2023\CONFIG1.DBF,S15,C,1,0
2023\CONFIG1.DBF,S16,C,1,0
2023\CONFIG1.DBF,S17,C,1,0
2023\CONFIG1.DBF,S18,C,1,0
2023\CONFIG1.DBF,S19,C,1,0
2023\CONFIG1.DBF,S20,C,1,0
2023\CONFIG1.DBF,S21,C,1,0
2023\CONFIG1.DBF,S22,C,1,0
2023\CONFIG1.DBF,STOCK,M,4,0
2023\CONFIG1.DBF,SR1,C,1,0
2023\CONFIG1.DBF,SR2,C,1,0
2023\CONFIG1.DBF,SR3,C,1,0
2023\CONFIG1.DBF,SR4,C,1,0
2023\CONFIG1.DBF,SR5,C,1,0
2023\CONFIG1.DBF,SR6,C,1,0
2023\CONFIG1.DBF,UTILITY,M,4,0
2023\CONFIG1.DBF,U1,C,1,0
2023\CONFIG1.DBF,U2,C,1,0
2023\CONFIG1.DBF,U3,C,1,0
2023\CONFIG1.DBF,U4,C,1,0
2023\CONFIG1.DBF,U5,C,1,0
2023\CONFIG1.DBF,U6,C,1,0
2023\CONFIG1.DBF,U7,C,1,0
2023\CONFIG1.DBF,U8,C,1,0
2023\CONFIG1.DBF,DELETE,M,4,0
2023\CONFIG1.DBF,D1,C,1,0
2023\db.DBF,USER,C,20,0
2023\db.DBF,DEPT,C,1,0
2023\db.DBF,DATE,D,8,0
2023\db.DBF,PCODE,C,10,0
2023\db.DBF,SPO,C,5,0
2023\db.DBF,PARTICULAR,C,80,0
2023\db.DBF,TYPE,C,1,0
2023\db.DBF,VNO,N,10,0
2023\db.DBF,CCODE,N,10,0
2023\db.DBF,GCODE,N,10,0
2023\db.DBF,MAINCODE,C,10,0
2023\db.DBF,CODE,N,10,0
2023\db.DBF,RECENO,N,10,0
2023\db.DBF,LOTNO,N,10,0
2023\db.DBF,INVOICENO,N,10,0
2023\db.DBF,BILLNO,N,10,0
2023\db.DBF,CELLNO,C,15,0
2023\db.DBF,VEHNO,C,15,0
2023\db.DBF,CNO,C,15,0
2023\db.DBF,CNO1,C,15,0
2023\db.DBF,BUILTYNO,N,10,0
2023\db.DBF,FREIGHT,N,10,0
2023\db.DBF,TRUCKADA,C,40,0
2023\db.DBF,UNIT,C,10,0
2023\db.DBF,RATE,N,10,2
2023\db.DBF,CASE,N,10,0
2023\db.DBF,FILL,N,10,3
2023\db.DBF,GQTY,N,10,2
2023\db.DBF,EXCESS,N,10,2
2023\db.DBF,KANTA,N,10,2
2023\db.DBF,LESS,N,10,2
2023\db.DBF,OTHERS,N,10,0
2023\db.DBF,LABOUR,N,10,0
2023\db.DBF,ABR,N,10,2
2023\db.DBF,BROKERY,N,10,2
2023\db.DBF,ALR,N,10,2
2023\db.DBF,ABARDANA,N,10,0
2023\db.DBF,ABROK,N,10,2
2023\db.DBF,ABROKERY,N,10,0
2023\db.DBF,LBR,N,10,2
2023\db.DBF,ALABOUR,N,10,0
2023\db.DBF,ASR,N,10,2
2023\db.DBF,ASTICHING,N,10,0
2023\db.DBF,AER,N,10,2
2023\db.DBF,AEXTRALOAD,N,10,0
2023\db.DBF,ASOTR,N,10,2
2023\db.DBF,ASOTTRI,N,10,0
2023\db.DBF,AIR,N,10,2
2023\db.DBF,AINNERLAB,N,10,0
2023\db.DBF,AMR,N,10,2
2023\db.DBF,AMUNSHYANA,N,10,0
2023\db.DBF,CR,N,10,2
2023\db.DBF,STICHING,N,10,0
2023\db.DBF,QTY,N,10,2
2023\db.DBF,SAMOUNT,N,10,2
2023\db.DBF,XFREIGHT,N,12,0
2023\db.DBF,NEWFLD,C,10,0
2023\db.DBF,VALUE,N,14,2
2023\db.DBF,DISC,N,10,2
2023\db.DBF,SDISCOUNT,N,10,0
2023\db.DBF,DISCOUNT,N,10,2
2023\db.DBF,PVALUE,N,14,2
2023\db.DBF,RETURN,N,14,2
2023\db.DBF,DEBIT,N,14,2
2023\db.DBF,CREDIT,N,14,2
2023\db.DBF,BALANCE,N,14,2
2023\db.DBF,LBALANCE,N,14,0
2023\db.DBF,OPDR,N,14,0
2023\db.DBF,OPCR,N,14,0
2023\db.DBF,CDR,N,14,0
2023\db.DBF,CCR,N,14,0
2023\db.DBF,CBL,N,14,0
2023\db.DBF,LNAME,C,60,0
2023\db.DBF,BSCODE,C,5,0
2023\db.DBF,PLCODE,C,5,0
2023\db.DBF,CFCODE,C,5,0
2023\db.DBF,PDATE,D,8,0
2023\db.DBF,REMARKS,C,40,0
2023\db.DBF,LCODE,N,10,0
2023\db.DBF,LOCATION,C,30,0
2023\db.DBF,BAGS,N,10,0
2023\db.DBF,GPNO,N,10,0
2023\db.DBF,DUEDATE,D,8,0
2023\db.DBF,DRIVERNAME,C,40,0
2023\db.DBF,MLC,C,6,0
2023\DB1.DBF,USER,C,20,0
2023\DB1.DBF,DEPT,C,1,0
2023\DB1.DBF,DATE,D,8,0
2023\DB1.DBF,CODE,N,10,0
2023\DB1.DBF,PCODE,C,10,0
2023\DB1.DBF,PARTICULAR,C,80,0
2023\DB1.DBF,TYPE,C,1,0
2023\DB1.DBF,VNO,N,6,0
2023\DB1.DBF,GPNO,N,10,0
2023\DB1.DBF,DRIVERNAME,C,40,0
2023\DB1.DBF,VEHNO,C,10,0
2023\DB1.DBF,MLC,C,2,0
2023\DB1.DBF,LOTNO,N,10,0
2023\DB1.DBF,INVOICENO,N,10,0
2023\DB1.DBF,RATE,N,10,2
2023\DB1.DBF,GQTY,N,10,0
2023\DB1.DBF,BAGS,N,10,0
2023\DB1.DBF,FILL,N,10,0
2023\DB1.DBF,EXCESS,N,10,0
2023\DB1.DBF,LESS,N,10,0
2023\DB1.DBF,KANTA,N,10,0
2023\DB1.DBF,QTY,N,10,0
2023\DB1.DBF,PVALUE,N,12,0
2023\DB1.DBF,VALUE,N,12,0
2023\DB1.DBF,SAMOUNT,N,12,2
2023\DB1.DBF,DISC,N,10,2
2023\DB1.DBF,DISCOUNT,N,12,2
2023\DB1.DBF,FREIGHT,N,12,0
2023\DB1.DBF,XFREIGHT,N,12,0
2023\DB1.DBF,STAX,N,12,0
2023\DB1.DBF,DEBIT,N,12,0
2023\DB1.DBF,CREDIT,N,12,0
2023\DB1.DBF,BALANCE,N,12,0
2023\DB1.DBF,LBALANCE,N,12,0
2023\DB1.DBF,OPDR,N,12,0
2023\DB1.DBF,OPCR,N,12,0
2023\DB1.DBF,CDR,N,12,0
2023\DB1.DBF,CCR,N,12,0
2023\DB1.DBF,CBL,N,12,0
2023\DB1.DBF,LNAME,C,60,0
2023\DB1.DBF,BSCODE,C,5,0
2023\DB1.DBF,PLCODE,C,5,0
2023\DB1.DBF,CFCODE,C,5,0
2023\DB1.DBF,PDATE,D,8,0
2023\DB1.DBF,DUEDATE,D,8,0
2023\DB1.DBF,REMARKS,C,40,0
2023\DB1.DBF,DETAILS,C,10,0
2023\DB1.DBF,STATUS,C,10,0
2023\DB1.DBF,PNAME,C,40,0
2023\DB1.DBF,JAN,N,10,0
2023\DB1.DBF,FEB,N,10,0
2023\DB1.DBF,MAR,N,10,0
2023\DB1.DBF,APR,N,10,0
2023\DB1.DBF,MAY,N,10,0
2023\DB1.DBF,JUN,N,10,0
2023\DB1.DBF,JUL,N,10,0
2023\DB1.DBF,AUG,N,10,0
2023\DB1.DBF,SEP,N,10,0
2023\DB1.DBF,OCT,N,10,0
2023\DB1.DBF,NOV,N,10,0
2023\DB1.DBF,DEC,N,10,0
2023\DB1.DBF,LCODE,N,10,0
2023\DB1.DBF,LOCATION,C,30,0
2023\DB2.DBF,USER,C,20,0
2023\DB2.DBF,DEPT,C,1,0
2023\DB2.DBF,DATE,D,8,0
2023\DB2.DBF,CODE,N,10,0
2023\DB2.DBF,PCODE,C,10,0
2023\DB2.DBF,PARTICULAR,C,80,0
2023\DB2.DBF,TYPE,C,1,0
2023\DB2.DBF,VNO,N,6,0
2023\DB2.DBF,GPNO,N,10,0
2023\DB2.DBF,DRIVERNAME,C,40,0
2023\DB2.DBF,VEHNO,C,10,0
2023\DB2.DBF,MLC,C,2,0
2023\DB2.DBF,LOTNO,N,10,0
2023\DB2.DBF,INVOICENO,N,10,0
2023\DB2.DBF,RATE,N,10,2
2023\DB2.DBF,GQTY,N,10,0
2023\DB2.DBF,BAGS,N,10,0
2023\DB2.DBF,FILL,N,10,0
2023\DB2.DBF,EXCESS,N,10,0
2023\DB2.DBF,LESS,N,10,0
2023\DB2.DBF,KANTA,N,10,0
2023\DB2.DBF,QTY,N,10,0
2023\DB2.DBF,PVALUE,N,12,0
2023\DB2.DBF,VALUE,N,12,0
2023\DB2.DBF,SAMOUNT,N,12,2
2023\DB2.DBF,DISC,N,10,2
2023\DB2.DBF,DISCOUNT,N,12,2
2023\DB2.DBF,FREIGHT,N,12,0
2023\DB2.DBF,XFREIGHT,N,12,0
2023\DB2.DBF,STAX,N,12,0
2023\DB2.DBF,DEBIT,N,12,0
2023\DB2.DBF,CREDIT,N,12,0
2023\DB2.DBF,BALANCE,N,12,0
2023\DB2.DBF,LBALANCE,N,12,0
2023\DB2.DBF,OPDR,N,12,0
2023\DB2.DBF,OPCR,N,12,0
2023\DB2.DBF,CDR,N,12,0
2023\DB2.DBF,CCR,N,12,0
2023\DB2.DBF,CBL,N,12,0
2023\DB2.DBF,LNAME,C,60,0
2023\DB2.DBF,BSCODE,C,5,0
2023\DB2.DBF,PLCODE,C,5,0
2023\DB2.DBF,CFCODE,C,5,0
2023\DB2.DBF,PDATE,D,8,0
2023\DB2.DBF,DUEDATE,D,8,0
2023\DB2.DBF,REMARKS,C,40,0
2023\DB2.DBF,DETAILS,C,10,0
2023\DB2.DBF,STATUS,C,10,0
2023\DB2.DBF,PNAME,C,40,0
2023\DB2.DBF,JAN,N,10,0
2023\DB2.DBF,FEB,N,10,0
2023\DB2.DBF,MAR,N,10,0
2023\DB2.DBF,APR,N,10,0
2023\DB2.DBF,MAY,N,10,0
2023\DB2.DBF,JUN,N,10,0
2023\DB2.DBF,JUL,N,10,0
2023\DB2.DBF,AUG,N,10,0
2023\DB2.DBF,SEP,N,10,0
2023\DB2.DBF,OCT,N,10,0
2023\DB2.DBF,NOV,N,10,0
2023\DB2.DBF,DEC,N,10,0
2023\DB2.DBF,LCODE,N,10,0
2023\DB2.DBF,LOCATION,C,30,0
2023\DB3.DBF,DATE,D,8,0
2023\DB3.DBF,CODE,N,6,0
2023\DB3.DBF,MLC,C,6,0
2023\DB3.DBF,PARTICULAR,C,80,0
2023\DB3.DBF,TYPE,C,1,0
2023\DB3.DBF,VNO,N,10,0
2023\DB3.DBF,INVOICENO,N,10,0
2023\DB3.DBF,QTY,N,10,2
2023\DB3.DBF,UNIT,C,3,0
2023\DB3.DBF,RATE,N,10,2
2023\DB3.DBF,VALUE,N,12,0
2023\DB3.DBF,PVALUE,N,10,2
2023\DB3.DBF,ST,N,5,2
2023\DB3.DBF,STAX,N,10,0
2023\DB3.DBF,DISC,N,5,2
2023\DB3.DBF,DISCOUNT,N,10,0
2023\DB3.DBF,DEBIT,N,16,0
2023\DB3.DBF,CREDIT,N,16,0
2023\DB3.DBF,BALANCE,N,16,0
2023\DB3.DBF,ADVBOOK,N,10,0
2023\DB3.DBF,MLNAME,C,30,0
2023\DBB.DBF,DATE,D,8,0
2023\DBB.DBF,CODE,N,6,0
2023\DBB.DBF,CCODE,N,6,0
2023\DBB.DBF,MLC,C,6,0
2023\DBB.DBF,PARTICULAR,C,80,0
2023\DBB.DBF,TYPE,C,1,0
2023\DBB.DBF,VNO,N,10,0
2023\DBB.DBF,PRNO,N,8,0
2023\DBB.DBF,INVOICENO,N,10,0
2023\DBB.DBF,QTY,N,10,2
2023\DBB.DBF,UNIT,C,3,0
2023\DBB.DBF,RATE,N,8,2
2023\DBB.DBF,VALUE,N,12,0
2023\DBB.DBF,PVALUE,N,10,2
2023\DBB.DBF,ST,N,5,2
2023\DBB.DBF,STAX,N,10,0
2023\DBB.DBF,DISC,N,5,2
2023\DBB.DBF,DISCOUNT,N,10,0
2023\DBB.DBF,DEBIT,N,12,0
2023\DBB.DBF,CREDIT,N,12,0
2023\DBB.DBF,BALANCE,N,12,0
2023\DBB.DBF,ADVBOOK,N,10,0
2023\DBDB.DBF,DATE,D,8,0
2023\DBDB.DBF,CODE,N,6,0
2023\DBDB.DBF,CCODE,N,6,0
2023\DBDB.DBF,MLC,C,6,0
2023\DBDB.DBF,PARTICULAR,C,80,0
2023\DBDB.DBF,TYPE,C,1,0
2023\DBDB.DBF,VNO,N,10,0
2023\DBDB.DBF,PRNO,N,8,0
2023\DBDB.DBF,INVOICENO,N,10,0
2023\DBDB.DBF,QTY,N,10,2
2023\DBDB.DBF,UNIT,C,3,0
2023\DBDB.DBF,RATE,N,8,2
2023\DBDB.DBF,VALUE,N,12,0
2023\DBDB.DBF,PVALUE,N,10,2
2023\DBDB.DBF,ST,N,5,2
2023\DBDB.DBF,STAX,N,10,0
2023\DBDB.DBF,DISC,N,5,2
2023\DBDB.DBF,DISCOUNT,N,10,0
2023\DBDB.DBF,DEBIT,N,12,0
2023\DBDB.DBF,CREDIT,N,12,0
2023\DBDB.DBF,BALANCE,N,12,0
2023\DBDB.DBF,ADVBOOK,N,10,0
2023\DELETE.DBF,DEPT,C,1,0
2023\DELETE.DBF,DATE,D,8,0
2023\DELETE.DBF,PCODE,C,10,0
2023\DELETE.DBF,SPO,C,5,0
2023\DELETE.DBF,PARTICULAR,C,80,0
2023\DELETE.DBF,TYPE,C,1,0
2023\DELETE.DBF,VNO,N,10,0
2023\DELETE.DBF,CCODE,N,10,0
2023\DELETE.DBF,GCODE,N,10,0
2023\DELETE.DBF,MAINCODE,C,10,0
2023\DELETE.DBF,CODE,N,10,0
2023\DELETE.DBF,RECENO,N,10,0
2023\DELETE.DBF,LOTNO,N,10,0
2023\DELETE.DBF,INVOICENO,N,10,0
2023\DELETE.DBF,BILLNO,N,10,0
2023\DELETE.DBF,CELLNO,C,15,0
2023\DELETE.DBF,VEHNO,C,15,0
2023\DELETE.DBF,CNO,C,15,0
2023\DELETE.DBF,CNO1,C,15,0
2023\DELETE.DBF,BUILTYNO,N,10,0
2023\DELETE.DBF,FREIGHT,N,10,0
2023\DELETE.DBF,TRUCKADA,C,40,0
2023\DELETE.DBF,UNIT,C,10,0
2023\DELETE.DBF,RATE,N,10,2
2023\DELETE.DBF,CASE,N,10,0
2023\DELETE.DBF,FILL,N,10,3
2023\DELETE.DBF,GQTY,N,10,2
2023\DELETE.DBF,LESS,N,10,2
2023\DELETE.DBF,OTHERS,N,10,0
2023\DELETE.DBF,LABOUR,N,10,0
2023\DELETE.DBF,ABR,N,10,2
2023\DELETE.DBF,BROKERY,N,10,2
2023\DELETE.DBF,ALR,N,10,2
2023\DELETE.DBF,ABARDANA,N,10,0
2023\DELETE.DBF,ABROK,N,10,2
2023\DELETE.DBF,ABROKERY,N,10,0
2023\DELETE.DBF,LBR,N,10,2
2023\DELETE.DBF,ALABOUR,N,10,0
2023\DELETE.DBF,ASR,N,10,2
2023\DELETE.DBF,ASTICHING,N,10,0
2023\DELETE.DBF,AER,N,10,2
2023\DELETE.DBF,AEXTRALOAD,N,10,0
2023\DELETE.DBF,ASOTR,N,10,2
2023\DELETE.DBF,ASOTTRI,N,10,0
2023\DELETE.DBF,AIR,N,10,2
2023\DELETE.DBF,AINNERLAB,N,10,0
2023\DELETE.DBF,AMR,N,10,2
2023\DELETE.DBF,AMUNSHYANA,N,10,0
2023\DELETE.DBF,CR,N,10,2
2023\DELETE.DBF,STICHING,N,10,0
2023\DELETE.DBF,QTY,N,10,2
2023\DELETE.DBF,SAMOUNT,N,10,2
2023\DELETE.DBF,VALUE,N,14,2
2023\DELETE.DBF,DISC,N,10,2
2023\DELETE.DBF,SDISCOUNT,N,10,0
2023\DELETE.DBF,DISCOUNT,N,10,2
2023\DELETE.DBF,PVALUE,N,14,2
2023\DELETE.DBF,RETURN,N,14,2
2023\DELETE.DBF,DEBIT,N,14,2
2023\DELETE.DBF,CREDIT,N,14,2
2023\DELETE.DBF,BALANCE,N,14,2
2023\DELETE.DBF,LBALANCE,N,14,0
2023\DELETE.DBF,OPDR,N,14,0
2023\DELETE.DBF,OPCR,N,14,0
2023\DELETE.DBF,CDR,N,14,0
2023\DELETE.DBF,CCR,N,14,0
2023\DELETE.DBF,CBL,N,14,0
2023\DELETE.DBF,LNAME,C,60,0
2023\DELETE.DBF,BSCODE,C,5,0
2023\DELETE.DBF,PLCODE,C,5,0
2023\DELETE.DBF,CFCODE,C,5,0
2023\DELETE.DBF,PDATE,D,8,0
2023\DELETE.DBF,REMARKS,C,40,0
2023\DELETE.DBF,DETAILS,M,4,0
2023\DELETE.DBF,LCODE,N,10,0
2023\DELETE.DBF,LOCATION,C,30,0
2023\DELETE.DBF,BAGS,N,10,0
2023\DELETE.DBF,GPNO,C,10,0
2023\EDB.DBF,USER,C,20,0
2023\EDB.DBF,DEPT,C,1,0
2023\EDB.DBF,DATE,D,8,0
2023\EDB.DBF,CODE,N,10,0
2023\EDB.DBF,PCODE,C,10,0
2023\EDB.DBF,PARTICULAR,C,80,0
2023\EDB.DBF,TYPE,C,1,0
2023\EDB.DBF,VNO,N,6,0
2023\EDB.DBF,GPNO,N,10,0
2023\EDB.DBF,DRIVERNAME,C,40,0
2023\EDB.DBF,VEHNO,C,10,0
2023\EDB.DBF,MLC,C,2,0
2023\EDB.DBF,LOTNO,N,10,0
2023\EDB.DBF,INVOICENO,N,10,0
2023\EDB.DBF,RATE,N,10,2
2023\EDB.DBF,GQTY,N,10,0
2023\EDB.DBF,BAGS,N,10,0
2023\EDB.DBF,FILL,N,10,0
2023\EDB.DBF,EXCESS,N,10,0
2023\EDB.DBF,LESS,N,10,0
2023\EDB.DBF,KANTA,N,10,0
2023\EDB.DBF,QTY,N,10,0
2023\EDB.DBF,PVALUE,N,12,0
2023\EDB.DBF,VALUE,N,12,0
2023\EDB.DBF,FREIGHT,N,12,0
2023\EDB.DBF,XFREIGHT,N,12,0
2023\EDB.DBF,DEBIT,N,12,0
2023\EDB.DBF,CREDIT,N,12,0
2023\EDB.DBF,BALANCE,N,12,0
2023\EDB.DBF,LBALANCE,N,12,0
2023\EDB.DBF,OPDR,N,12,0
2023\EDB.DBF,OPCR,N,12,0
2023\EDB.DBF,CDR,N,12,0
2023\EDB.DBF,CCR,N,12,0
2023\EDB.DBF,CBL,N,12,0
2023\EDB.DBF,LNAME,C,60,0
2023\EDB.DBF,BSCODE,C,5,0
2023\EDB.DBF,PLCODE,C,5,0
2023\EDB.DBF,CFCODE,C,5,0
2023\EDB.DBF,PDATE,D,8,0
2023\EDB.DBF,DUEDATE,D,8,0
2023\EDB.DBF,REMARKS,C,40,0
2023\EDB.DBF,DETAILS,C,10,0
2023\EDB.DBF,STATUS,C,10,0
2023\EDB.DBF,PNAME,C,40,0
2023\EDB.DBF,JAN,N,10,0
2023\EDB.DBF,FEB,N,10,0
2023\EDB.DBF,MAR,N,10,0
2023\EDB.DBF,APR,N,10,0
2023\EDB.DBF,MAY,N,10,0
2023\EDB.DBF,JUN,N,10,0
2023\EDB.DBF,JUL,N,10,0
2023\EDB.DBF,AUG,N,10,0
2023\EDB.DBF,SEP,N,10,0
2023\EDB.DBF,OCT,N,10,0
2023\EDB.DBF,NOV,N,10,0
2023\EDB.DBF,DEC,N,10,0
2023\FBS.DBF,DEPT,C,1,0
2023\FBS.DBF,DATE,D,8,0
2023\FBS.DBF,GPNO,N,8,0
2023\FBS.DBF,CODE,N,8,0
2023\FBS.DBF,PCODE,C,10,0
2023\FBS.DBF,PARTICULAR,C,100,0
2023\FBS.DBF,MLC,C,2,0
2023\FBS.DBF,VNO,N,10,0
2023\FBS.DBF,TYPE,C,1,0
2023\FBS.DBF,LOTNO,N,10,0
2023\FBS.DBF,GALAWEIGHT,N,10,0
2023\FBS.DBF,QTY,N,10,0
2023\FBS.DBF,RATE,N,10,0
2023\FBS.DBF,VALUE,N,10,0
2023\FoxyPreviewer_Settings.dbf,PROPERTY,C,25,0
2023\FoxyPreviewer_Settings.dbf,CVALUE,C,254,0
2023\FoxyPreviewer_Settings.dbf,NVALUE,I,4,0
2023\FoxyPreviewer_Settings.dbf,LVALUE,L,1,0
2023\FoxyPreviewer_Settings.dbf,_NullFlags,0,1,0
2023\HBARDANA.DBF,DEPT,C,1,0
2023\HBARDANA.DBF,DATE,D,8,0
2023\HBARDANA.DBF,GPNO,N,8,0
2023\HBARDANA.DBF,CODE,N,8,0
2023\HBARDANA.DBF,PCODE,C,10,0
2023\HBARDANA.DBF,PARTICULAR,C,100,0
2023\HBARDANA.DBF,DRIVERNAME,C,40,0
2023\HBARDANA.DBF,VNO,N,10,0
2023\HBARDANA.DBF,TYPE,C,1,0
2023\HBARDANA.DBF,QTY,N,10,0
2023\HBARDANA.DBF,RATE,N,10,0
2023\HBARDANA.DBF,VALUE,N,10,0
2023\HBARDANA.DBF,FREIGHT,N,10,0
2023\HBARDANA.DBF,LCODE,N,10,0
2023\HBARDANA.DBF,LOCATION,C,30,0
2023\HBARDANA.DBF,OPQTY,N,10,0
2023\HBARDANA.DBF,RQTY,N,10,0
2023\HBARDANA.DBF,IQTY,N,10,0
2023\HBARDANA.DBF,DQTY,N,10,0
2023\HCODE.DBF,CODE,N,6,0
2023\HCODE.DBF,MLNAME,C,50,0
2023\HCODE.DBF,UNIT,C,12,0
2023\HCODE.DBF,RATE,N,10,2
2023\HUSKING.DBF,DEPT,C,1,0
2023\HUSKING.DBF,DATE,D,8,0
2023\HUSKING.DBF,GPNO,N,8,0
2023\HUSKING.DBF,CODE,N,8,0
2023\HUSKING.DBF,PCODE,C,10,0
2023\HUSKING.DBF,PARTICULAR,C,100,0
2023\HUSKING.DBF,DRIVERNAME,C,40,0
2023\HUSKING.DBF,VEHNO,C,15,0
2023\HUSKING.DBF,MLC,C,2,0
2023\HUSKING.DBF,VNO,N,10,0
2023\HUSKING.DBF,TYPE,C,1,0
2023\HUSKING.DBF,LOTNO,N,10,0
2023\HUSKING.DBF,GQTY,N,10,0
2023\HUSKING.DBF,BAGS,N,10,0
2023\HUSKING.DBF,FILL,N,10,2
2023\HUSKING.DBF,EXCESS,N,10,0
2023\HUSKING.DBF,LESS,N,10,0
2023\HUSKING.DBF,QTY,N,10,0
2023\HUSKING.DBF,RATE,N,10,0
2023\HUSKING.DBF,VALUE,N,10,0
2023\HUSKING.DBF,FREIGHT,N,10,0
2023\HUSKING.DBF,LCODE,N,10,0
2023\HUSKING.DBF,LOCATION,C,30,0
2023\INVOICE.DBF,DATE,D,8,0
2023\INVOICE.DBF,TYPE,C,1,0
2023\INVOICE.DBF,VNO,N,10,0
2023\INVOICE.DBF,INVOICENO,N,10,0
2023\JDB.DBF,USER,C,20,0
2023\JDB.DBF,DEPT,C,1,0
2023\JDB.DBF,DATE,D,8,0
2023\JDB.DBF,CODE,N,10,0
2023\JDB.DBF,PCODE,C,10,0
2023\JDB.DBF,PARTICULAR,C,80,0
2023\JDB.DBF,TYPE,C,1,0
2023\JDB.DBF,VNO,N,6,0
2023\JDB.DBF,GPNO,N,10,0
2023\JDB.DBF,DRIVERNAME,C,40,0
2023\JDB.DBF,VEHNO,C,10,0
2023\JDB.DBF,MLC,C,2,0
2023\JDB.DBF,LOTNO,N,10,0
2023\JDB.DBF,INVOICENO,N,10,0
2023\JDB.DBF,RATE,N,10,2
2023\JDB.DBF,GQTY,N,10,0
2023\JDB.DBF,BAGS,N,10,0
2023\JDB.DBF,FILL,N,10,0
2023\JDB.DBF,EXCESS,N,10,0
2023\JDB.DBF,LESS,N,10,0
2023\JDB.DBF,KANTA,N,10,0
2023\JDB.DBF,QTY,N,10,0
2023\JDB.DBF,VALUE,N,10,0
2023\JDB.DBF,FREIGHT,N,10,0
2023\JDB.DBF,XFREIGHT,N,10,0
2023\JDB.DBF,DEBIT,N,10,0
2023\JDB.DBF,CREDIT,N,10,0
2023\JDB.DBF,BALANCE,N,10,0
2023\JDB.DBF,LBALANCE,N,10,0
2023\JDB.DBF,OPDR,N,10,0
2023\JDB.DBF,OPCR,N,10,0
2023\JDB.DBF,CDR,N,10,0
2023\JDB.DBF,CCR,N,10,0
2023\JDB.DBF,CBL,N,10,0
2023\JDB.DBF,LNAME,C,60,0
2023\JDB.DBF,BSCODE,C,5,0
2023\JDB.DBF,PLCODE,C,5,0
2023\JDB.DBF,CFCODE,C,5,0
2023\JDB.DBF,PDATE,D,8,0
2023\JDB.DBF,DUEDATE,D,8,0
2023\JDB.DBF,REMARKS,C,40,0
2023\JDB.DBF,DETAILS,C,10,0
2023\JDB.DBF,STATUS,C,10,0
2023\JDB.DBF,PNAME,C,40,0
2023\JDB.DBF,JAN,N,10,0
2023\JDB.DBF,FEB,N,10,0
2023\JDB.DBF,MAR,N,10,0
2023\JDB.DBF,APR,N,10,0
2023\JDB.DBF,MAY,N,10,0
2023\JDB.DBF,JUN,N,10,0
2023\JDB.DBF,JUL,N,10,0
2023\JDB.DBF,AUG,N,10,0
2023\JDB.DBF,SEP,N,10,0
2023\JDB.DBF,OCT,N,10,0
2023\JDB.DBF,NOV,N,10,0
2023\JDB.DBF,DEC,N,10,0
2023\LCODE.DBF,LCODE,N,6,0
2023\LCODE.DBF,LOCATION,C,40,0
2023\MAIN.DBF,USER,C,20,0
2023\MAIN.DBF,DEPT,C,1,0
2023\MAIN.DBF,DATE,D,8,0
2023\MAIN.DBF,PCODE,C,10,0
2023\MAIN.DBF,SPO,C,5,0
2023\MAIN.DBF,PARTICULAR,C,80,0
2023\MAIN.DBF,TYPE,C,1,0
2023\MAIN.DBF,VNO,N,10,0
2023\MAIN.DBF,CCODE,N,10,0
2023\MAIN.DBF,GCODE,N,10,0
2023\MAIN.DBF,MAINCODE,C,10,0
2023\MAIN.DBF,CODE,N,10,0
2023\MAIN.DBF,RECENO,N,10,0
2023\MAIN.DBF,LOTNO,N,10,0
2023\MAIN.DBF,INVOICENO,N,10,0
2023\MAIN.DBF,BILLNO,N,10,0
2023\MAIN.DBF,CELLNO,C,15,0
2023\MAIN.DBF,VEHNO,C,15,0
2023\MAIN.DBF,CNO,C,15,0
2023\MAIN.DBF,CNO1,C,15,0
2023\MAIN.DBF,BUILTYNO,N,10,0
2023\MAIN.DBF,FREIGHT,N,10,0
2023\MAIN.DBF,TRUCKADA,C,40,0
2023\MAIN.DBF,UNIT,C,10,0
2023\MAIN.DBF,RATE,N,10,2
2023\MAIN.DBF,CASE,N,10,0
2023\MAIN.DBF,FILL,N,10,3
2023\MAIN.DBF,GQTY,N,10,2
2023\MAIN.DBF,EXCESS,N,10,2
2023\MAIN.DBF,KANTA,N,10,2
2023\MAIN.DBF,LESS,N,10,2
2023\MAIN.DBF,OTHERS,N,10,0
2023\MAIN.DBF,LABOUR,N,10,0
2023\MAIN.DBF,ABR,N,10,2
2023\MAIN.DBF,BROKERY,N,10,2
2023\MAIN.DBF,ALR,N,10,2
2023\MAIN.DBF,ABARDANA,N,10,0
2023\MAIN.DBF,ABROK,N,10,2
2023\MAIN.DBF,ABROKERY,N,10,0
2023\MAIN.DBF,LBR,N,10,2
2023\MAIN.DBF,ALABOUR,N,10,0
2023\MAIN.DBF,ASR,N,10,2
2023\MAIN.DBF,ASTICHING,N,10,0
2023\MAIN.DBF,AER,N,10,2
2023\MAIN.DBF,AEXTRALOAD,N,10,0
2023\MAIN.DBF,ASOTR,N,10,2
2023\MAIN.DBF,ASOTTRI,N,10,0
2023\MAIN.DBF,AIR,N,10,2
2023\MAIN.DBF,AINNERLAB,N,10,0
2023\MAIN.DBF,AMR,N,10,2
2023\MAIN.DBF,AMUNSHYANA,N,10,0
2023\MAIN.DBF,CR,N,10,2
2023\MAIN.DBF,STICHING,N,10,0
2023\MAIN.DBF,QTY,N,10,2
2023\MAIN.DBF,SAMOUNT,N,10,2
2023\MAIN.DBF,XFREIGHT,N,12,0
2023\MAIN.DBF,NEWFLD,C,10,0
2023\MAIN.DBF,VALUE,N,14,2
2023\MAIN.DBF,DISC,N,10,2
2023\MAIN.DBF,SDISCOUNT,N,10,0
2023\MAIN.DBF,DISCOUNT,N,10,2
2023\MAIN.DBF,PVALUE,N,14,2
2023\MAIN.DBF,RETURN,N,14,2
2023\MAIN.DBF,DEBIT,N,14,2
2023\MAIN.DBF,CREDIT,N,14,2
2023\MAIN.DBF,BALANCE,N,14,2
2023\MAIN.DBF,LBALANCE,N,14,0
2023\MAIN.DBF,OPDR,N,14,0
2023\MAIN.DBF,OPCR,N,14,0
2023\MAIN.DBF,CDR,N,14,0
2023\MAIN.DBF,CCR,N,14,0
2023\MAIN.DBF,CBL,N,14,0
2023\MAIN.DBF,LNAME,C,60,0
2023\MAIN.DBF,BSCODE,C,5,0
2023\MAIN.DBF,PLCODE,C,5,0
2023\MAIN.DBF,CFCODE,C,5,0
2023\MAIN.DBF,PDATE,D,8,0
2023\MAIN.DBF,REMARKS,C,40,0
2023\MAIN.DBF,DETAILS,M,4,0
2023\MAIN.DBF,LCODE,N,10,0
2023\MAIN.DBF,LOCATION,C,30,0
2023\MAIN.DBF,BAGS,N,10,0
2023\MAIN.DBF,GPNO,N,10,0
2023\MAIN.DBF,DUEDATE,D,8,0
2023\MAIN.DBF,DRIVERNAME,C,40,0
2023\MAIN.DBF,MLC,C,6,0
2023\MC.DBF,MLC,C,2,0
2023\MC.DBF,MLNAME,C,40,0
2023\MC.DBF,ADDRESS,C,40,0
2023\MC.DBF,CITY,C,20,0
2023\MC.DBF,PHONE,C,20,0
2023\MDB.DBF,DATE,D,8,0
2023\MDB.DBF,PCODE,C,10,0
2023\MDB.DBF,MLNAME,C,20,0
2023\MDB.DBF,VNO,N,10,0
2023\MDB.DBF,TYPE,C,1,0
2023\MDB.DBF,PARTICULAR,C,80,0
2023\MDB.DBF,DEBIT,N,12,0
2023\MDB.DBF,CREDIT,N,12,0
2023\MDB.DBF,BALANCE,N,12,0
2023\MDB.DBF,PDATE,D,8,0
2023\MDB.DBF,LNAME,C,30,0
2023\MDEPT.DBF,PCODE,C,5,0
2023\MDEPT.DBF,DEP_NM,C,30,0
2023\MTMP.DBF,DEPT,C,1,0
2023\MTMP.DBF,IDATE,D,8,0
2023\MTMP.DBF,DATE,D,8,0
2023\MTMP.DBF,SPONO,C,5,0
2023\MTMP.DBF,PCODE,C,10,0
2023\MTMP.DBF,VCODE,C,10,0
2023\MTMP.DBF,PARTICULAR,C,80,0
2023\MTMP.DBF,TYPE,C,1,0
2023\MTMP.DBF,VNO,N,6,0
2023\MTMP.DBF,CODE,N,10,0
2023\MTMP.DBF,INVOICENO,N,10,0
2023\MTMP.DBF,BILLNO,N,10,0
2023\MTMP.DBF,BNO,C,10,0
2023\MTMP.DBF,RECENO,N,10,0
2023\MTMP.DBF,UNIT,C,10,0
2023\MTMP.DBF,RATE,N,12,4
2023\MTMP.DBF,QTY,N,10,2
2023\MTMP.DBF,SAMOUNT,N,12,0
2023\MTMP.DBF,COMM,N,10,0
2023\MTMP.DBF,COMMAMT,N,10,0
2023\MTMP.DBF,NETAMT,N,12,0
2023\MTMP.DBF,DISC,N,8,2
2023\MTMP.DBF,DISCOUNT,N,10,0
2023\MTMP.DBF,RETURN,N,10,0
2023\MTMP.DBF,PVALUE,N,12,0
2023\MTMP.DBF,DEBIT,N,12,0
2023\MTMP.DBF,CREDIT,N,12,0
2023\MTMP.DBF,BALANCE,N,12,0
2023\MTMP.DBF,LBALANCE,N,12,0
2023\MTMP.DBF,OPDR,N,12,2
2023\MTMP.DBF,OPCR,N,12,2
2023\MTMP.DBF,CDR,N,12,0
2023\MTMP.DBF,CCR,N,12,0
2023\MTMP.DBF,CBL,N,12,0
2023\MTMP.DBF,LNAME,C,60,0
2023\MTMP.DBF,BSCODE,C,5,0
2023\MTMP.DBF,PLCODE,C,5,0
2023\MTMP.DBF,CFCODE,C,5,0
2023\MTMP.DBF,PDATE,D,8,0
2023\MTMP.DBF,REMARKS,C,30,0
2023\MTMP.DBF,SNO,N,10,0
2023\MTMP_1.DBF,DEPT,C,1,0
2023\MTMP_1.DBF,DATE,D,8,0
2023\MTMP_1.DBF,PCODE,C,10,0
2023\MTMP_1.DBF,SPO,C,5,0
2023\MTMP_1.DBF,PARTICULAR,C,80,0
2023\MTMP_1.DBF,TYPE,C,1,0
2023\MTMP_1.DBF,VNO,N,10,0
2023\MTMP_1.DBF,CCODE,N,10,0
2023\MTMP_1.DBF,GCODE,N,10,0
2023\MTMP_1.DBF,MAINCODE,C,10,0
2023\MTMP_1.DBF,CODE,N,10,0
2023\MTMP_1.DBF,RECENO,N,10,0
2023\MTMP_1.DBF,LOTNO,N,10,0
2023\MTMP_1.DBF,INVOICENO,N,10,0
2023\MTMP_1.DBF,BILLNO,N,10,0
2023\MTMP_1.DBF,CELLNO,C,15,0
2023\MTMP_1.DBF,VEHNO,C,15,0
2023\MTMP_1.DBF,CNO,C,15,0
2023\MTMP_1.DBF,CNO1,C,15,0
2023\MTMP_1.DBF,BUILTYNO,N,10,0
2023\MTMP_1.DBF,FREIGHT,N,10,0
2023\MTMP_1.DBF,TRUCKADA,C,40,0
2023\MTMP_1.DBF,UNIT,C,10,0
2023\MTMP_1.DBF,RATE,N,10,2
2023\MTMP_1.DBF,BAGS,N,10,0
2023\MTMP_1.DBF,CASE,N,10,0
2023\MTMP_1.DBF,FILL,N,10,3
2023\MTMP_1.DBF,GQTY,N,10,2
2023\MTMP_1.DBF,LESS,N,10,2
2023\MTMP_1.DBF,OTHERS,N,10,0
2023\MTMP_1.DBF,LABOUR,N,10,0
2023\MTMP_1.DBF,ABR,N,10,2
2023\MTMP_1.DBF,BROKERY,N,10,2
2023\MTMP_1.DBF,ALR,N,10,2
2023\MTMP_1.DBF,ABARDANA,N,10,0
2023\MTMP_1.DBF,ABROK,N,10,2
2023\MTMP_1.DBF,ABROKERY,N,10,0
2023\MTMP_1.DBF,LBR,N,10,2
2023\MTMP_1.DBF,ALABOUR,N,10,0
2023\MTMP_1.DBF,ASR,N,10,2
2023\MTMP_1.DBF,ASTICHING,N,10,0
2023\MTMP_1.DBF,AER,N,10,2
2023\MTMP_1.DBF,AEXTRALOAD,N,10,0
2023\MTMP_1.DBF,ASOTR,N,10,2
2023\MTMP_1.DBF,ASOTTRI,N,10,0
2023\MTMP_1.DBF,AIR,N,10,2
2023\MTMP_1.DBF,AINNERLAB,N,10,0
2023\MTMP_1.DBF,AMR,N,10,2
2023\MTMP_1.DBF,AMUNSHYANA,N,10,0
2023\MTMP_1.DBF,CR,N,10,2
2023\MTMP_1.DBF,STICHING,N,10,0
2023\MTMP_1.DBF,QTY,N,10,2
2023\MTMP_1.DBF,SAMOUNT,N,10,2
2023\MTMP_1.DBF,VALUE,N,14,2
2023\MTMP_1.DBF,DISC,N,10,2
2023\MTMP_1.DBF,SDISCOUNT,N,10,0
2023\MTMP_1.DBF,DISCOUNT,N,10,2
2023\MTMP_1.DBF,PVALUE,N,14,2
2023\MTMP_1.DBF,RETURN,N,14,2
2023\MTMP_1.DBF,DEBIT,N,14,2
2023\MTMP_1.DBF,CREDIT,N,14,2
2023\MTMP_1.DBF,BALANCE,N,14,2
2023\MTMP_1.DBF,LBALANCE,N,14,0
2023\MTMP_1.DBF,OPDR,N,14,0
2023\MTMP_1.DBF,OPCR,N,14,0
2023\MTMP_1.DBF,CDR,N,14,0
2023\MTMP_1.DBF,CCR,N,14,0
2023\MTMP_1.DBF,CBL,N,14,0
2023\MTMP_1.DBF,LNAME,C,60,0
2023\MTMP_1.DBF,BSCODE,C,5,0
2023\MTMP_1.DBF,PLCODE,C,5,0
2023\MTMP_1.DBF,CFCODE,C,5,0
2023\MTMP_1.DBF,PDATE,D,8,0
2023\MTMP_1.DBF,REMARKS,C,40,0
2023\MTMP_1.DBF,DETAILS,M,4,0
2023\MTMP_1.DBF,LCODE,N,10,0
2023\MTMP_1.DBF,LOCATION,C,30,0
2023\PADDY.DBF,DEPT,C,1,0
2023\PADDY.DBF,DATE,D,8,0
2023\PADDY.DBF,GPNO,N,8,0
2023\PADDY.DBF,CODE,N,8,0
2023\PADDY.DBF,PCODE,C,10,0
2023\PADDY.DBF,PARTICULAR,C,100,0
2023\PADDY.DBF,DRIVERNAME,C,40,0
2023\PADDY.DBF,VEHNO,C,15,0
2023\PADDY.DBF,MLC,C,2,0
2023\PADDY.DBF,VNO,N,10,0
2023\PADDY.DBF,TYPE,C,1,0
2023\PADDY.DBF,INVOICENO,N,10,0
2023\PADDY.DBF,LOTNO,N,10,0
2023\PADDY.DBF,LOADWT,N,10,0
2023\PADDY.DBF,EMPTYWT,N,10,0
2023\PADDY.DBF,GQTY,N,10,0
2023\PADDY.DBF,POLY,N,10,0
2023\PADDY.DBF,JUTE,N,10,0
2023\PADDY.DBF,BAGS,N,10,0
2023\PADDY.DBF,FILL,N,10,2
2023\PADDY.DBF,EXCESS,N,10,0
2023\PADDY.DBF,LESS,N,10,0
2023\PADDY.DBF,KANTA,N,10,0
2023\PADDY.DBF,QTY,N,10,0
2023\PADDY.DBF,RATE,N,10,0
2023\PADDY.DBF,VALUE,N,10,0
2023\PADDY.DBF,ABARDANA,N,10,0
2023\PADDY.DBF,ALABOUR,N,10,0
2023\PADDY.DBF,ABROKERY,N,10,0
2023\PADDY.DBF,ASTICHING,N,10,0
2023\PADDY.DBF,AEXTRALOAD,N,10,0
2023\PADDY.DBF,ASOTTRI,N,10,0
2023\PADDY.DBF,AINNERLAB,N,10,0
2023\PADDY.DBF,AMUNSHYANA,N,10,0
2023\PADDY.DBF,STICHING,N,10,0
2023\PADDY.DBF,COMM,N,10,0
2023\PADDY.DBF,LABOUR,N,10,0
2023\PADDY.DBF,OTHERS,N,10,0
2023\PADDY.DBF,FREIGHT,N,10,0
2023\PADDY.DBF,XFREIGHT,N,10,0
2023\PADDY.DBF,LCODE,N,10,0
2023\PADDY.DBF,LOCATION,C,30,0
2023\PADDY.DBF,DEBIT,N,10,0
2023\PADDY.DBF,CREDIT,N,10,0
2023\PADDY.DBF,BALANCE,N,10,0
2023\PADYTMP.DBF,CODE,N,6,0
2023\PADYTMP.DBF,DATE,D,8,0
2023\PADYTMP.DBF,PARTICULAR,C,40,0
2023\PADYTMP.DBF,CASE,N,10,1
2023\PADYTMP.DBF,QTY,N,10,2
2023\PADYTMP.DBF,RATE,N,10,2
2023\PADYTMP.DBF,VALUE,N,12,2
2023\PBILL.DBF,DEPT,C,1,0
2023\PBILL.DBF,DATE,D,8,0
2023\PBILL.DBF,PCODE,C,10,0
2023\PBILL.DBF,SPO,C,5,0
2023\PBILL.DBF,PARTICULAR,C,80,0
2023\PBILL.DBF,TYPE,C,1,0
2023\PBILL.DBF,VNO,N,6,0
2023\PBILL.DBF,CCODE,N,10,0
2023\PBILL.DBF,GCODE,N,10,0
2023\PBILL.DBF,CODE,N,10,0
2023\PBILL.DBF,RECENO,N,10,0
2023\PBILL.DBF,INVOICENO,N,10,0
2023\PBILL.DBF,BILLNO,N,10,0
2023\PBILL.DBF,CELLNO,C,15,0
2023\PBILL.DBF,VEHNO,C,15,0
2023\PBILL.DBF,CNO,C,15,0
2023\PBILL.DBF,CNO1,C,15,0
2023\PBILL.DBF,BUILTYNO,N,10,0
2023\PBILL.DBF,FREIGHT,N,10,0
2023\PBILL.DBF,TRUCKADA,C,40,0
2023\PBILL.DBF,UNIT,C,10,0
2023\PBILL.DBF,RATE,N,10,2
2023\PBILL.DBF,CASE,N,10,0
2023\PBILL.DBF,FILL,N,10,3
2023\PBILL.DBF,GQTY,N,10,2
2023\PBILL.DBF,LESS,N,10,2
2023\PBILL.DBF,BROKERY,N,10,2
2023\PBILL.DBF,QTY,N,10,2
2023\PBILL.DBF,SAMOUNT,N,10,2
2023\PBILL.DBF,DISC,N,10,2
2023\PBILL.DBF,SDISCOUNT,N,10,0
2023\PBILL.DBF,DISCOUNT,N,10,2
2023\PBILL.DBF,PVALUE,N,10,2
2023\PBILL.DBF,RETURN,N,10,2
2023\PBILL.DBF,DEBIT,N,10,2
2023\PBILL.DBF,CREDIT,N,10,2
2023\PBILL.DBF,BALANCE,N,10,2
2023\PBILL.DBF,LBALANCE,N,10,0
2023\PBILL.DBF,OPDR,N,10,0
2023\PBILL.DBF,OPCR,N,10,0
2023\PBILL.DBF,CDR,N,10,0
2023\PBILL.DBF,CCR,N,10,0
2023\PBILL.DBF,CBL,N,10,0
2023\PBILL.DBF,LNAME,C,60,0
2023\PBILL.DBF,BSCODE,C,5,0
2023\PBILL.DBF,PLCODE,C,5,0
2023\PBILL.DBF,CFCODE,C,5,0
2023\PBILL.DBF,PDATE,D,8,0
2023\PBILL.DBF,REMARKS,C,40,0
2023\PBILL.DBF,DETAILS,M,4,0
2023\PCODE.DBF,CODE,N,6,0
2023\PCODE.DBF,MLNAME,C,50,0
2023\PCODE.DBF,UNIT,C,12,0
2023\PCODE.DBF,RATE,N,10,2
2023\pf1.DBF,DEPT,C,1,0
2023\pf1.DBF,CODE,N,6,0
2023\pf1.DBF,DATE,D,8,0
2023\pf1.DBF,PARTICULAR,C,30,0
2023\pf1.DBF,TYPE,C,1,0
2023\pf1.DBF,VNO,N,10,0
2023\pf1.DBF,INVOICENO,N,10,0
2023\pf1.DBF,OPQTY,N,12,2
2023\pf1.DBF,QTY,N,12,2
2023\pf1.DBF,RATE,N,12,2
2023\pf1.DBF,DISCOUNT,N,10,0
2023\pf1.DBF,VALUE,N,12,0
2023\pf1.DBF,RQTY,N,12,2
2023\pf1.DBF,SQTY,N,12,2
2023\pf1.DBF,MLNAME,C,40,0
2023\pf1.DBF,UTYPE,C,40,0
2023\pf1.DBF,PRQTY,N,12,2
2023\pf1.DBF,SRQTY,N,12,2
2023\pf1.DBF,PVALUE,N,12,3
2023\PINVOICE.DBF,DATE,D,8,0
2023\PINVOICE.DBF,TYPE,C,1,0
2023\PINVOICE.DBF,VNO,N,10,0
2023\PINVOICE.DBF,INVOICENO,N,10,0
2023\PLCODE.DBF,PLCODE,C,5,0
2023\PLCODE.DBF,DEP_NM,C,60,0
2023\PROCESS.DBF,DEPT,C,1,0
2023\PROCESS.DBF,DATE,D,8,0
2023\PROCESS.DBF,GPNO,N,8,0
2023\PROCESS.DBF,CODE,N,8,0
2023\PROCESS.DBF,PCODE,C,10,0
2023\PROCESS.DBF,PARTICULAR,C,100,0
2023\PROCESS.DBF,DRIVERNAME,C,40,0
2023\PROCESS.DBF,VEHNO,C,15,0
2023\PROCESS.DBF,MLC,C,2,0
2023\PROCESS.DBF,VNO,N,10,0
2023\PROCESS.DBF,TYPE,C,1,0
2023\PROCESS.DBF,INVOICENO,N,10,0
2023\PROCESS.DBF,LOTNO,N,10,0
2023\PROCESS.DBF,GQTY,N,10,0
2023\PROCESS.DBF,BAGS,N,10,0
2023\PROCESS.DBF,FILL,N,10,2
2023\PROCESS.DBF,EXCESS,N,10,0
2023\PROCESS.DBF,LESS,N,10,0
2023\PROCESS.DBF,QTY,N,10,0
2023\PROCESS.DBF,RATE,N,10,0
2023\PROCESS.DBF,VALUE,N,10,0
2023\PROCESS.DBF,FREIGHT,N,10,0
2023\PROCESS.DBF,XFREIGHT,N,10,0
2023\PROCESS.DBF,LCODE,N,10,0
2023\PROCESS.DBF,LOCATION,C,30,0
2023\PROCESS.DBF,RQTY,N,10,0
2023\PROCESS.DBF,PQTY,N,10,0
2023\PROCESS.DBF,RETURN,N,10,0
2023\PROTMP.DBF,CODE,N,6,0
2023\PROTMP.DBF,DATE,D,8,0
2023\PROTMP.DBF,PARTICULAR,C,40,0
2023\PROTMP.DBF,CASE,N,10,1
2023\PROTMP.DBF,QTY,N,10,2
2023\PROTMP.DBF,RATE,N,10,2
2023\PROTMP.DBF,VALUE,N,12,2
2023\PSTOCK.DBF,DEPT,C,1,0
2023\PSTOCK.DBF,DATE,D,8,0
2023\PSTOCK.DBF,GPNO,N,8,0
2023\PSTOCK.DBF,CODE,N,8,0
2023\PSTOCK.DBF,PCODE,C,10,0
2023\PSTOCK.DBF,PARTICULAR,C,100,0
2023\PSTOCK.DBF,DRIVERNAME,C,40,0
2023\PSTOCK.DBF,VEHNO,C,15,0
2023\PSTOCK.DBF,MLC,C,2,0
2023\PSTOCK.DBF,VNO,N,10,0
2023\PSTOCK.DBF,TYPE,C,1,0
2023\PSTOCK.DBF,LOTNO,N,10,0
2023\PSTOCK.DBF,GQTY,N,10,0
2023\PSTOCK.DBF,BAGS,N,10,0
2023\PSTOCK.DBF,FILL,N,10,2
2023\PSTOCK.DBF,EXCESS,N,10,0
2023\PSTOCK.DBF,LESS,N,10,0
2023\PSTOCK.DBF,QTY,N,10,0
2023\PSTOCK.DBF,RATE,N,10,0
2023\PSTOCK.DBF,VALUE,N,10,0
2023\PSTOCK.DBF,FREIGHT,N,10,0
2023\PSTOCK.DBF,LCODE,N,10,0
2023\PSTOCK.DBF,LOCATION,C,30,0
2023\PSTOCK.DBF,RQTY,N,10,0
2023\PSTOCK.DBF,RETURN,N,10,0
2023\PSTOCK.DBF,PQTY,N,10,0
2023\PTMP.DBF,CODE,N,6,0
2023\PTMP.DBF,DATE,D,8,0
2023\PTMP.DBF,PARTICULAR,C,40,0
2023\PTMP.DBF,CASE,N,10,1
2023\PTMP.DBF,QTY,N,10,2
2023\PTMP.DBF,RATE,N,10,2
2023\PTMP.DBF,VALUE,N,12,2
2023\SECT.DBF,PCODE,C,2,0
2023\SECT.DBF,SEC_NM,C,30,0
2023\SINVOICE.DBF,DATE,D,8,0
2023\SINVOICE.DBF,TYPE,C,1,0
2023\SINVOICE.DBF,VNO,N,10,0
2023\SINVOICE.DBF,INVOICENO,N,10,0
2023\SMS.DBF,DATE,D,8,0
2023\SMS.DBF,PCODE,C,10,0
2023\SMS.DBF,MLNAME,C,40,0
2023\SMS.DBF,DEBIT,N,12,0
2023\SMS.DBF,CREDIT,N,12,0
2023\SMS.DBF,BALANCE,N,12,0
2023\SMS.DBF,TYPE,C,1,0
2023\SMS.DBF,ADDRESS4,C,12,0
2023\SMS.DBF,ADDRESS,C,40,0
2023\SMS.DBF,ADDRESS3,C,40,0
2023\SMS.DBF,SPO,C,5,0
2023\SUMMARY.DBF,DEPT,C,1,0
2023\SUMMARY.DBF,DATE,D,8,0
2023\SUMMARY.DBF,CODE,N,7,2
2023\SUMMARY.DBF,SPONO,C,5,0
2023\SUMMARY.DBF,SPO,C,5,0
2023\SUMMARY.DBF,PCODE,C,10,0
2023\SUMMARY.DBF,TYPE,C,1,0
2023\SUMMARY.DBF,RECENO,N,10,0
2023\SUMMARY.DBF,RATE,N,10,0
2023\SUMMARY.DBF,OCT,N,12,0
2023\SUMMARY.DBF,NOV,N,12,0
2023\SUMMARY.DBF,DEC,N,12,0
2023\SUMMARY.DBF,JAN,N,12,0
2023\SUMMARY.DBF,FEB,N,12,0
2023\SUMMARY.DBF,MAR,N,12,0
2023\SUMMARY.DBF,APR,N,12,0
2023\SUMMARY.DBF,MAY,N,12,0
2023\SUMMARY.DBF,JUN,N,12,0
2023\SUMMARY.DBF,JUL,N,12,0
2023\SUMMARY.DBF,AUG,N,12,0
2023\SUMMARY.DBF,SEP,N,12,0
2023\SUMMARY.DBF,DEBIT,N,13,0
2023\SUMMARY.DBF,CREDIT,N,13,0
2023\SUMMARY.DBF,BALANCE,N,13,0
2023\SUMMARY.DBF,SAMOUNT,N,13,0
2023\SUMMARY.DBF,PVALUE,N,12,0
2023\SUMMARY.DBF,QTY,N,10,0
2023\SUMMARY.DBF,DISCOUNT,N,10,0
2023\SUMMARY.DBF,JAN1,N,10,0
2023\SUMMARY.DBF,FEB1,N,10,0
2023\SUMMARY.DBF,MAR1,N,10,0
2023\SUMMARY.DBF,APR1,N,10,0
2023\SUMMARY.DBF,MAY1,N,10,0
2023\SUMMARY.DBF,JUN1,N,10,0
2023\SUMMARY.DBF,JUL1,N,10,0
2023\SUMMARY.DBF,AUG1,N,10,0
2023\SUMMARY.DBF,SEP1,N,10,0
2023\SUMMARY.DBF,OCT1,N,10,0
2023\SUMMARY.DBF,NOV1,N,10,0
2023\SUMMARY.DBF,DEC1,N,10,0
2023\SUMMARY.DBF,JAN2,N,10,0
2023\SUMMARY.DBF,FEB2,N,10,0
2023\SUMMARY.DBF,MAR2,N,10,0
2023\SUMMARY.DBF,APR2,N,10,0
2023\SUMMARY.DBF,MAY2,N,10,0
2023\SUMMARY.DBF,JUN2,N,10,0
2023\SUMMARY.DBF,JUL2,N,10,0
2023\SUMMARY.DBF,AUG2,N,10,0
2023\SUMMARY.DBF,SEP2,N,10,0
2023\SUMMARY.DBF,OCT2,N,10,0
2023\SUMMARY.DBF,NOV2,N,10,0
2023\SUMMARY.DBF,DEC2,N,10,0
2023\SUMMARY.DBF,CASE,N,10,0
2023\TMP.DBF,CODE,N,6,0
2023\TMP.DBF,DATE,D,8,0
2023\TMP.DBF,PARTICULAR,C,40,0
2023\TMP.DBF,CASE,N,10,1
2023\TMP.DBF,QTY,N,10,2
2023\TMP.DBF,RATE,N,10,2
2023\TMP.DBF,VALUE,N,12,2
2023\TMP2.DBF,INVOICENO,N,10,0
2023\TMP2.DBF,CODE,N,10,0
2023\TMP2.DBF,DATE,D,8,0
2023\TMP2.DBF,PCODE,C,10,0
2023\TMP2.DBF,PARTICULAR,C,40,0
2023\TMP2.DBF,QTY,N,10,2
2023\TMP2.DBF,RATE,N,10,3
2023\TMP2.DBF,SAMOUNT,N,12,2
2023\TMP2.DBF,DISC,N,10,2
2023\TMP2.DBF,DISCOUNT,N,10,2
2023\TMP2.DBF,NETAMOUNT,N,10,2
2023\TMP3.DBF,INVOICENO,N,10,0
2023\TMP3.DBF,CODE,N,10,0
2023\TMP3.DBF,DATE,D,8,0
2023\TMP3.DBF,PCODE,C,10,0
2023\TMP3.DBF,PARTICULAR,C,50,0
2023\TMP3.DBF,QTY,N,10,2
2023\TMP3.DBF,RATE,N,10,3
2023\TMP3.DBF,SAMOUNT,N,12,2
2023\VTMP.DBF,DATE,D,8,0
2023\VTMP.DBF,PCODE,C,10,0
2023\VTMP.DBF,PARTICULAR,C,80,0
2023\VTMP.DBF,TYPE,C,1,0
2023\VTMP.DBF,VNO,N,10,0
2023\VTMP.DBF,DEBIT,N,12,0
2023\VTMP.DBF,CREDIT,N,12,0
2023\VTMP.DBF,BALANCE,N,12,0
2023\VTMP.DBF,PDATE,D,8,0
LEARN\AGING.DBF,PCODE,C,10,0
LEARN\AGING.DBF,ACC_CODE,C,10,0
LEARN\AGING.DBF,DATE,D,8,0
LEARN\AGING.DBF,ACC_NAME,C,40,0
LEARN\AGING.DBF,OPEN_DATE,D,8,0
LEARN\AGING.DBF,DR_AMOUNT,N,10,2
LEARN\AGING.DBF,VOU_NO,C,10,0
LEARN\AGING.DBF,INVOICENO,N,10,0
LEARN\AGING.DBF,AVOU_NO,N,10,0
LEARN\AGING.DBF,ADR_AMOUNT,N,12,0
LEARN\AGING.DBF,DRCR1,C,2,0
LEARN\AGING.DBF,BALANCE,N,12,2
LEARN\AGING.DBF,DEBIT,N,12,2
LEARN\AGING.DBF,CREDIT,N,12,2
LEARN\aging2.DBF,TYPE,C,12,0
LEARN\aging2.DBF,SNOX,N,4,0
LEARN\aging2.DBF,ACC_CODE,C,10,0
LEARN\aging2.DBF,DATE,D,8,0
LEARN\aging2.DBF,ACC_NAME,C,40,0
LEARN\aging2.DBF,VEHICLE_NO,C,10,0
LEARN\aging2.DBF,OPEN_DATE,D,8,0
LEARN\aging2.DBF,DR_AMOUNT,N,12,2
LEARN\aging2.DBF,VOU_NO,C,10,0
LEARN\aging2.DBF,AVOU_NO,N,5,0
LEARN\aging2.DBF,ADR_AMOUNT,N,10,3
LEARN\aging2.DBF,DRCR1,C,2,0
LEARN\aging2.DBF,BALANCE,N,12,2
LEARN\BARCODE.DBF,CODE,N,10,0
LEARN\BARCODE.DBF,CODE1,N,10,0
LEARN\BARCODE.DBF,CODE2,N,10,0
LEARN\BARCODE.DBF,CODE3,N,10,0
LEARN\BARCODE.DBF,CODE4,N,10,0
LEARN\BARCODE.DBF,CODE5,N,10,0
LEARN\BATCH.DBF,CODE,N,8,0
LEARN\BATCH.DBF,CATEGORY,C,50,0
LEARN\BATCH.DBF,UNIT,C,10,0
LEARN\BATCH.DBF,FILL,N,10,3
LEARN\BATCH.DBF,PRATE,N,10,4
LEARN\BATCH.DBF,RATE,N,10,2
LEARN\BCODE.DBF,CODE,N,6,0
LEARN\BCODE.DBF,MLNAME,C,50,0
LEARN\BCODE.DBF,UNIT,C,12,0
LEARN\BCODE.DBF,RATE,N,10,2
LEARN\BDB.DBF,MODE,C,1,0
LEARN\BDB.DBF,DATE,D,8,0
LEARN\BDB.DBF,PCODE,C,8,0
LEARN\BDB.DBF,LNAME,C,40,0
LEARN\BDB.DBF,PARTICULAR,C,70,0
LEARN\BDB.DBF,TYPE,C,1,0
LEARN\BDB.DBF,VNO,N,6,0
LEARN\BDB.DBF,QTY,N,12,2
LEARN\BDB.DBF,PDATE,D,8,0
LEARN\BDB.DBF,CODE,N,10,0
LEARN\BDB.DBF,INVOICENO,N,10,0
LEARN\BDB.DBF,BILLNO,N,10,0
LEARN\BDB.DBF,UNIT,C,10,0
LEARN\BDB.DBF,RATE,N,10,0
LEARN\BDB.DBF,CASE,N,10,0
LEARN\BDB.DBF,FILL,N,7,0
LEARN\BDB.DBF,SAMOUNT,N,10,0
LEARN\BDB.DBF,DISCOUNT,N,10,0
LEARN\BDB.DBF,STAX,N,10,0
LEARN\BDB.DBF,GATEPASS,N,8,0
LEARN\BDB.DBF,PVALUE,N,10,0
LEARN\BDB.DBF,DEBIT,N,10,0
LEARN\BDB.DBF,CREDIT,N,10,0
LEARN\BDB.DBF,BALANCE,N,10,0
LEARN\BDB.DBF,LBALANCE,N,10,0
LEARN\BDB.DBF,OPDR,N,10,0
LEARN\BDB.DBF,OPCR,N,10,0
LEARN\BDB.DBF,CBL,N,10,0
LEARN\BILL.DBF,DEPT,C,1,0
LEARN\BILL.DBF,DATE,D,8,0
LEARN\BILL.DBF,PCODE,C,10,0
LEARN\BILL.DBF,SPO,C,5,0
LEARN\BILL.DBF,PARTICULAR,C,80,0
LEARN\BILL.DBF,TYPE,C,1,0
LEARN\BILL.DBF,VNO,N,6,0
LEARN\BILL.DBF,CCODE,N,10,0
LEARN\BILL.DBF,GCODE,N,10,0
LEARN\BILL.DBF,CODE,N,10,0
LEARN\BILL.DBF,RECENO,N,10,0
LEARN\BILL.DBF,LOTNO,N,10,0
LEARN\BILL.DBF,INVOICENO,N,10,0
LEARN\BILL.DBF,BILLNO,N,10,0
LEARN\BILL.DBF,CELLNO,C,15,0
LEARN\BILL.DBF,VEHNO,C,15,0
LEARN\BILL.DBF,CNO,C,15,0
LEARN\BILL.DBF,CNO1,C,15,0
LEARN\BILL.DBF,BUILTYNO,N,10,0
LEARN\BILL.DBF,FREIGHT,N,10,0
LEARN\BILL.DBF,TRUCKADA,C,40,0
LEARN\BILL.DBF,UNIT,C,10,0
LEARN\BILL.DBF,RATE,N,10,2
LEARN\BILL.DBF,CASE,N,10,0
LEARN\BILL.DBF,FILL,N,10,3
LEARN\BILL.DBF,GQTY,N,10,2
LEARN\BILL.DBF,LESS,N,10,2
LEARN\BILL.DBF,OTHERS,N,10,0
LEARN\BILL.DBF,LABOUR,N,10,0
LEARN\BILL.DBF,BROKERY,N,10,2
LEARN\BILL.DBF,ABARDANA,N,10,0
LEARN\BILL.DBF,ABROKERY,N,10,0
LEARN\BILL.DBF,ALABOUR,N,10,0
LEARN\BILL.DBF,ASTICHING,N,10,0
LEARN\BILL.DBF,AEXTRALOAD,N,10,0
LEARN\BILL.DBF,ASOTTRI,N,10,0
LEARN\BILL.DBF,AINNERLAB,N,10,0
LEARN\BILL.DBF,AMUNSHYANA,N,10,0
LEARN\BILL.DBF,STICHING,N,10,0
LEARN\BILL.DBF,QTY,N,10,2
LEARN\BILL.DBF,SAMOUNT,N,10,2
LEARN\BILL.DBF,DISC,N,10,2
LEARN\BILL.DBF,SDISCOUNT,N,10,0
LEARN\BILL.DBF,DISCOUNT,N,10,2
LEARN\BILL.DBF,PVALUE,N,10,2
LEARN\BILL.DBF,RETURN,N,10,2
LEARN\BILL.DBF,DEBIT,N,10,2
LEARN\BILL.DBF,CREDIT,N,10,2
LEARN\BILL.DBF,BALANCE,N,10,2
LEARN\BILL.DBF,LBALANCE,N,10,0
LEARN\BILL.DBF,OPDR,N,10,0
LEARN\BILL.DBF,OPCR,N,10,0
LEARN\BILL.DBF,CDR,N,10,0
LEARN\BILL.DBF,CCR,N,10,0
LEARN\BILL.DBF,CBL,N,10,0
LEARN\BILL.DBF,LNAME,C,60,0
LEARN\BILL.DBF,BSCODE,C,5,0
LEARN\BILL.DBF,PLCODE,C,5,0
LEARN\BILL.DBF,CFCODE,C,5,0
LEARN\BILL.DBF,PDATE,D,8,0
LEARN\BILL.DBF,REMARKS,C,40,0
LEARN\BILL.DBF,DETAILS,M,4,0
LEARN\BILL.DBF,LCODE,N,10,0
LEARN\BILL.DBF,LOCATION,C,30,0
LEARN\BSCODE.DBF,BSCODE,C,5,0
LEARN\BSCODE.DBF,DEP_NM,C,60,0
LEARN\CDB.DBF,DATE,D,8,0
LEARN\CDB.DBF,MLC,C,6,0
LEARN\CDB.DBF,PARTICULAR,C,70,0
LEARN\CDB.DBF,TYPE,C,1,0
LEARN\CDB.DBF,VNO,N,6,0
LEARN\CDB.DBF,DEBIT,N,12,0
LEARN\CDB.DBF,CREDIT,N,12,0
LEARN\CDB.DBF,BALANCE,N,12,0
LEARN\CHEQUE.DBF,TITLE,C,60,0
LEARN\CHEQUE.DBF,DATE,D,8,0
LEARN\CHEQUE.DBF,CHQNO,N,10,0
LEARN\CHEQUE.DBF,DEBIT,N,10,0
LEARN\CHEQUE.DBF,WORD,C,80,0
LEARN\CMF.DBF,PCODE,C,10,0
LEARN\CMF.DBF,MLNAME,C,40,0
LEARN\CMF.DBF,URDU,C,40,0
LEARN\CMF.DBF,ADDRESS,C,40,0
LEARN\CMF.DBF,ADDRESS2,C,40,0
LEARN\CMF.DBF,ADDRESS3,C,40,0
LEARN\CMF.DBF,ADDRESS4,C,40,0
LEARN\CMF.DBF,DATE,D,8,0
LEARN\CMF.DBF,BSCODE,C,5,0
LEARN\CMF.DBF,PLCODE,C,5,0
LEARN\CMF.DBF,CFCODE,C,5,0
LEARN\CMF.DBF,DR,N,14,0
LEARN\CMF.DBF,CR,C,14,0
LEARN\CMF.DBF,DISC,N,10,2
LEARN\CMF.DBF,UC,N,10,0
LEARN\CMF.DBF,CREDIT,N,14,0
LEARN\CMF.DBF,BALANCE,N,14,0
LEARN\CODE.DBF,CODE,N,6,0
LEARN\CODE.DBF,MLNAME,C,50,0
LEARN\CODE.DBF,UNIT,C,12,0
LEARN\CODE.DBF,PRATE,N,12,2
LEARN\CODE.DBF,RATE,N,12,2
LEARN\COMPANY.DBF,CCODE,N,6,0
LEARN\COMPANY.DBF,MLNAME,C,30,0
LEARN\CONFIG.DBF,CNAME,C,18,0
LEARN\CONFIG.DBF,CYER1,D,8,0
LEARN\CONFIG.DBF,CYER2,D,8,0
LEARN\CONFIG.DBF,PASS,M,10,0
LEARN\CONFIG.DBF,MASTER,M,10,0
LEARN\CONFIG.DBF,ADD,M,10,0
LEARN\CONFIG.DBF,SREPORT,M,10,0
LEARN\CONFIG.DBF,VIEW,M,10,0
LEARN\CONFIG1.DBF,CNAME,C,18,0
LEARN\CONFIG1.DBF,CYER1,D,8,0
LEARN\CONFIG1.DBF,CYER2,D,8,0
LEARN\CONFIG1.DBF,PASS,M,4,0
LEARN\CONFIG1.DBF,MASTER,M,4,0
LEARN\CONFIG1.DBF,M1,C,1,0
LEARN\CONFIG1.DBF,M2,C,1,0
LEARN\CONFIG1.DBF,M3,C,1,0
LEARN\CONFIG1.DBF,M4,C,1,0
LEARN\CONFIG1.DBF,M5,C,1,0
LEARN\CONFIG1.DBF,M6,C,1,0
LEARN\CONFIG1.DBF,M7,C,1,0
LEARN\CONFIG1.DBF,M8,C,1,0
LEARN\CONFIG1.DBF,M9,C,1,0
LEARN\CONFIG1.DBF,M10,C,1,0
LEARN\CONFIG1.DBF,ADDRECORD,M,4,0
LEARN\CONFIG1.DBF,M11,C,1,0
LEARN\CONFIG1.DBF,A1,C,1,0
LEARN\CONFIG1.DBF,A2,C,1,0
LEARN\CONFIG1.DBF,A3,C,1,0
LEARN\CONFIG1.DBF,A4,C,1,0
LEARN\CONFIG1.DBF,A5,C,1,0
LEARN\CONFIG1.DBF,A6,C,1,0
LEARN\CONFIG1.DBF,A7,C,1,0
LEARN\CONFIG1.DBF,A8,C,1,0
LEARN\CONFIG1.DBF,A9,C,1,0
LEARN\CONFIG1.DBF,A10,C,1,0
LEARN\CONFIG1.DBF,A11,C,1,0
LEARN\CONFIG1.DBF,A12,C,1,0
LEARN\CONFIG1.DBF,A13,C,1,0
LEARN\CONFIG1.DBF,A14,C,1,0
LEARN\CONFIG1.DBF,A15,C,1,0
LEARN\CONFIG1.DBF,A16,C,1,0
LEARN\CONFIG1.DBF,A17,C,1,0
LEARN\CONFIG1.DBF,A18,C,1,0
LEARN\CONFIG1.DBF,A19,C,1,0
LEARN\CONFIG1.DBF,A20,C,1,0
LEARN\CONFIG1.DBF,A21,C,1,0
LEARN\CONFIG1.DBF,A22,C,1,0
LEARN\CONFIG1.DBF,A23,C,1,0
LEARN\CONFIG1.DBF,AACCREPORT,M,4,0
LEARN\CONFIG1.DBF,F1,C,1,0
LEARN\CONFIG1.DBF,F2,C,1,0
LEARN\CONFIG1.DBF,F3,C,1,0
LEARN\CONFIG1.DBF,F4,C,1,0
LEARN\CONFIG1.DBF,F5,C,1,0
LEARN\CONFIG1.DBF,F6,C,1,0
LEARN\CONFIG1.DBF,F7,C,1,0
LEARN\CONFIG1.DBF,F8,C,1,0
LEARN\CONFIG1.DBF,F9,C,1,0
LEARN\CONFIG1.DBF,F10,C,1,0
LEARN\CONFIG1.DBF,F11,C,1,0
LEARN\CONFIG1.DBF,F12,C,1,0
LEARN\CONFIG1.DBF,F13,C,1,0
LEARN\CONFIG1.DBF,F14,C,1,0
LEARN\CONFIG1.DBF,F15,C,1,0
LEARN\CONFIG1.DBF,F16,C,1,0
LEARN\CONFIG1.DBF,F17,C,1,0
LEARN\CONFIG1.DBF,F18,C,1,0
LEARN\CONFIG1.DBF,F19,C,1,0
LEARN\CONFIG1.DBF,F20,C,1,0
LEARN\CONFIG1.DBF,F21,C,1,0
LEARN\CONFIG1.DBF,F22,C,1,0
LEARN\CONFIG1.DBF,F23,C,1,0
LEARN\CONFIG1.DBF,F24,C,1,0
LEARN\CONFIG1.DBF,F25,C,1,0
LEARN\CONFIG1.DBF,PURREPORT,M,4,0
LEARN\CONFIG1.DBF,P1,C,1,0
LEARN\CONFIG1.DBF,P2,C,1,0
LEARN\CONFIG1.DBF,P3,C,1,0
LEARN\CONFIG1.DBF,P4,C,1,0
LEARN\CONFIG1.DBF,P5,C,1,0
LEARN\CONFIG1.DBF,P6,C,1,0
LEARN\CONFIG1.DBF,P7,C,1,0
LEARN\CONFIG1.DBF,P8,C,1,0
LEARN\CONFIG1.DBF,P9,C,1,0
LEARN\CONFIG1.DBF,SALEREPORT,M,4,0
LEARN\CONFIG1.DBF,S1,C,1,0
LEARN\CONFIG1.DBF,S2,C,1,0
LEARN\CONFIG1.DBF,S3,C,1,0
LEARN\CONFIG1.DBF,S4,C,1,0
LEARN\CONFIG1.DBF,S5,C,1,0
LEARN\CONFIG1.DBF,S6,C,1,0
LEARN\CONFIG1.DBF,S7,C,1,0
LEARN\CONFIG1.DBF,S8,C,1,0
LEARN\CONFIG1.DBF,S9,C,1,0
LEARN\CONFIG1.DBF,S10,C,1,0
LEARN\CONFIG1.DBF,S11,C,1,0
LEARN\CONFIG1.DBF,S12,C,1,0
LEARN\CONFIG1.DBF,S13,C,1,0
LEARN\CONFIG1.DBF,S14,C,1,0
LEARN\CONFIG1.DBF,S15,C,1,0
LEARN\CONFIG1.DBF,S16,C,1,0
LEARN\CONFIG1.DBF,S17,C,1,0
LEARN\CONFIG1.DBF,S18,C,1,0
LEARN\CONFIG1.DBF,S19,C,1,0
LEARN\CONFIG1.DBF,S20,C,1,0
LEARN\CONFIG1.DBF,S21,C,1,0
LEARN\CONFIG1.DBF,S22,C,1,0
LEARN\CONFIG1.DBF,STOCK,M,4,0
LEARN\CONFIG1.DBF,SR1,C,1,0
LEARN\CONFIG1.DBF,SR2,C,1,0
LEARN\CONFIG1.DBF,SR3,C,1,0
LEARN\CONFIG1.DBF,SR4,C,1,0
LEARN\CONFIG1.DBF,SR5,C,1,0
LEARN\CONFIG1.DBF,SR6,C,1,0
LEARN\CONFIG1.DBF,UTILITY,M,4,0
LEARN\CONFIG1.DBF,U1,C,1,0
LEARN\CONFIG1.DBF,U2,C,1,0
LEARN\CONFIG1.DBF,U3,C,1,0
LEARN\CONFIG1.DBF,U4,C,1,0
LEARN\CONFIG1.DBF,U5,C,1,0
LEARN\CONFIG1.DBF,U6,C,1,0
LEARN\CONFIG1.DBF,U7,C,1,0
LEARN\CONFIG1.DBF,U8,C,1,0
LEARN\CONFIG1.DBF,DELETE,M,4,0
LEARN\CONFIG1.DBF,D1,C,1,0
LEARN\db.DBF,DEPT,C,1,0
LEARN\db.DBF,CODE,N,6,0
LEARN\db.DBF,DATE,D,8,0
LEARN\db.DBF,PARTICULAR,C,30,0
LEARN\db.DBF,TYPE,C,1,0
LEARN\db.DBF,VNO,N,10,0
LEARN\db.DBF,INVOICENO,N,10,0
LEARN\db.DBF,OPQTY,N,12,2
LEARN\db.DBF,QTY,N,13,2
LEARN\db.DBF,RATE,N,12,2
LEARN\db.DBF,DISCOUNT,N,10,0
LEARN\db.DBF,VALUE,N,13,0
LEARN\db.DBF,RQTY,N,13,2
LEARN\db.DBF,SQTY,N,13,2
LEARN\db.DBF,MLNAME,C,40,0
LEARN\db.DBF,UTYPE,C,40,0
LEARN\db.DBF,PRQTY,N,12,2
LEARN\db.DBF,SRQTY,N,12,2
LEARN\db.DBF,PVALUE,N,12,3
LEARN\DB1.DBF,USER,C,20,0
LEARN\DB1.DBF,DEPT,C,1,0
LEARN\DB1.DBF,DATE,D,8,0
LEARN\DB1.DBF,PCODE,C,10,0
LEARN\DB1.DBF,SPO,C,5,0
LEARN\DB1.DBF,PARTICULAR,C,80,0
LEARN\DB1.DBF,TYPE,C,1,0
LEARN\DB1.DBF,VNO,N,10,0
LEARN\DB1.DBF,CCODE,N,10,0
LEARN\DB1.DBF,GCODE,N,10,0
LEARN\DB1.DBF,MAINCODE,C,10,0
LEARN\DB1.DBF,CODE,N,10,0
LEARN\DB1.DBF,RECENO,N,10,0
LEARN\DB1.DBF,LOTNO,N,10,0
LEARN\DB1.DBF,INVOICENO,N,10,0
LEARN\DB1.DBF,BILLNO,N,10,0
LEARN\DB1.DBF,CELLNO,C,15,0
LEARN\DB1.DBF,VEHNO,C,15,0
LEARN\DB1.DBF,CNO,C,15,0
LEARN\DB1.DBF,CNO1,C,15,0
LEARN\DB1.DBF,BUILTYNO,N,10,0
LEARN\DB1.DBF,FREIGHT,N,10,0
LEARN\DB1.DBF,TRUCKADA,C,40,0
LEARN\DB1.DBF,UNIT,C,10,0
LEARN\DB1.DBF,RATE,N,10,2
LEARN\DB1.DBF,CASE,N,10,0
LEARN\DB1.DBF,FILL,N,10,3
LEARN\DB1.DBF,GQTY,N,10,2
LEARN\DB1.DBF,EXCESS,N,10,2
LEARN\DB1.DBF,KANTA,N,10,2
LEARN\DB1.DBF,LESS,N,10,2
LEARN\DB1.DBF,OTHERS,N,10,0
LEARN\DB1.DBF,LABOUR,N,10,0
LEARN\DB1.DBF,ABR,N,10,2
LEARN\DB1.DBF,BROKERY,N,10,2
LEARN\DB1.DBF,ALR,N,10,2
LEARN\DB1.DBF,ABARDANA,N,10,0
LEARN\DB1.DBF,ABROK,N,10,2
LEARN\DB1.DBF,ABROKERY,N,10,0
LEARN\DB1.DBF,LBR,N,10,2
LEARN\DB1.DBF,ALABOUR,N,10,0
LEARN\DB1.DBF,ASR,N,10,2
LEARN\DB1.DBF,ASTICHING,N,10,0
LEARN\DB1.DBF,AER,N,10,2
LEARN\DB1.DBF,AEXTRALOAD,N,10,0
LEARN\DB1.DBF,ASOTR,N,10,2
LEARN\DB1.DBF,ASOTTRI,N,10,0
LEARN\DB1.DBF,AIR,N,10,2
LEARN\DB1.DBF,AINNERLAB,N,10,0
LEARN\DB1.DBF,AMR,N,10,2
LEARN\DB1.DBF,AMUNSHYANA,N,10,0
LEARN\DB1.DBF,CR,N,10,2
LEARN\DB1.DBF,STICHING,N,10,0
LEARN\DB1.DBF,QTY,N,10,2
LEARN\DB1.DBF,SAMOUNT,N,10,2
LEARN\DB1.DBF,XFREIGHT,N,12,0
LEARN\DB1.DBF,NEWFLD,C,10,0
LEARN\DB1.DBF,VALUE,N,14,2
LEARN\DB1.DBF,DISC,N,10,2
LEARN\DB1.DBF,SDISCOUNT,N,10,0
LEARN\DB1.DBF,DISCOUNT,N,10,2
LEARN\DB1.DBF,PVALUE,N,14,2
LEARN\DB1.DBF,RETURN,N,14,2
LEARN\DB1.DBF,DEBIT,N,14,2
LEARN\DB1.DBF,CREDIT,N,14,2
LEARN\DB1.DBF,BALANCE,N,14,2
LEARN\DB1.DBF,LBALANCE,N,14,0
LEARN\DB1.DBF,OPDR,N,14,0
LEARN\DB1.DBF,OPCR,N,14,0
LEARN\DB1.DBF,CDR,N,14,0
LEARN\DB1.DBF,CCR,N,14,0
LEARN\DB1.DBF,CBL,N,14,0
LEARN\DB1.DBF,LNAME,C,60,0
LEARN\DB1.DBF,BSCODE,C,5,0
LEARN\DB1.DBF,PLCODE,C,5,0
LEARN\DB1.DBF,CFCODE,C,5,0
LEARN\DB1.DBF,PDATE,D,8,0
LEARN\DB1.DBF,REMARKS,C,40,0
LEARN\DB1.DBF,DETAILS,M,4,0
LEARN\DB1.DBF,LCODE,N,10,0
LEARN\DB1.DBF,LOCATION,C,30,0
LEARN\DB1.DBF,BAGS,N,10,0
LEARN\DB1.DBF,GPNO,N,10,0
LEARN\DB1.DBF,DUEDATE,D,8,0
LEARN\DB1.DBF,DRIVERNAME,C,40,0
LEARN\DB1.DBF,MLC,C,6,0
LEARN\DB2.DBF,USER,C,20,0
LEARN\DB2.DBF,DEPT,C,1,0
LEARN\DB2.DBF,DATE,D,8,0
LEARN\DB2.DBF,CODE,N,10,0
LEARN\DB2.DBF,PCODE,C,10,0
LEARN\DB2.DBF,PARTICULAR,C,80,0
LEARN\DB2.DBF,TYPE,C,1,0
LEARN\DB2.DBF,VNO,N,6,0
LEARN\DB2.DBF,GPNO,N,10,0
LEARN\DB2.DBF,DRIVERNAME,C,40,0
LEARN\DB2.DBF,VEHNO,C,10,0
LEARN\DB2.DBF,MLC,C,2,0
LEARN\DB2.DBF,LOTNO,N,10,0
LEARN\DB2.DBF,INVOICENO,N,10,0
LEARN\DB2.DBF,RATE,N,10,2
LEARN\DB2.DBF,GQTY,N,10,0
LEARN\DB2.DBF,BAGS,N,10,0
LEARN\DB2.DBF,FILL,N,10,0
LEARN\DB2.DBF,EXCESS,N,10,0
LEARN\DB2.DBF,LESS,N,10,0
LEARN\DB2.DBF,KANTA,N,10,0
LEARN\DB2.DBF,QTY,N,10,0
LEARN\DB2.DBF,PVALUE,N,12,0
LEARN\DB2.DBF,VALUE,N,12,0
LEARN\DB2.DBF,SAMOUNT,N,12,2
LEARN\DB2.DBF,DISC,N,10,2
LEARN\DB2.DBF,DISCOUNT,N,12,2
LEARN\DB2.DBF,FREIGHT,N,12,0
LEARN\DB2.DBF,XFREIGHT,N,12,0
LEARN\DB2.DBF,STAX,N,12,0
LEARN\DB2.DBF,DEBIT,N,12,0
LEARN\DB2.DBF,CREDIT,N,12,0
LEARN\DB2.DBF,BALANCE,N,12,0
LEARN\DB2.DBF,LBALANCE,N,12,0
LEARN\DB2.DBF,OPDR,N,12,0
LEARN\DB2.DBF,OPCR,N,12,0
LEARN\DB2.DBF,CDR,N,12,0
LEARN\DB2.DBF,CCR,N,12,0
LEARN\DB2.DBF,CBL,N,12,0
LEARN\DB2.DBF,LNAME,C,60,0
LEARN\DB2.DBF,BSCODE,C,5,0
LEARN\DB2.DBF,PLCODE,C,5,0
LEARN\DB2.DBF,CFCODE,C,5,0
LEARN\DB2.DBF,PDATE,D,8,0
LEARN\DB2.DBF,DUEDATE,D,8,0
LEARN\DB2.DBF,REMARKS,C,40,0
LEARN\DB2.DBF,DETAILS,C,10,0
LEARN\DB2.DBF,STATUS,C,10,0
LEARN\DB2.DBF,PNAME,C,40,0
LEARN\DB2.DBF,JAN,N,10,0
LEARN\DB2.DBF,FEB,N,10,0
LEARN\DB2.DBF,MAR,N,10,0
LEARN\DB2.DBF,APR,N,10,0
LEARN\DB2.DBF,MAY,N,10,0
LEARN\DB2.DBF,JUN,N,10,0
LEARN\DB2.DBF,JUL,N,10,0
LEARN\DB2.DBF,AUG,N,10,0
LEARN\DB2.DBF,SEP,N,10,0
LEARN\DB2.DBF,OCT,N,10,0
LEARN\DB2.DBF,NOV,N,10,0
LEARN\DB2.DBF,DEC,N,10,0
LEARN\DB2.DBF,LCODE,N,10,0
LEARN\DB2.DBF,LOCATION,C,30,0
LEARN\DB3.DBF,DATE,D,8,0
LEARN\DB3.DBF,CODE,N,6,0
LEARN\DB3.DBF,MLC,C,6,0
LEARN\DB3.DBF,PARTICULAR,C,80,0
LEARN\DB3.DBF,TYPE,C,1,0
LEARN\DB3.DBF,VNO,N,10,0
LEARN\DB3.DBF,INVOICENO,N,10,0
LEARN\DB3.DBF,QTY,N,10,2
LEARN\DB3.DBF,UNIT,C,3,0
LEARN\DB3.DBF,RATE,N,10,2
LEARN\DB3.DBF,VALUE,N,12,0
LEARN\DB3.DBF,PVALUE,N,10,2
LEARN\DB3.DBF,ST,N,5,2
LEARN\DB3.DBF,STAX,N,10,0
LEARN\DB3.DBF,DISC,N,5,2
LEARN\DB3.DBF,DISCOUNT,N,10,0
LEARN\DB3.DBF,DEBIT,N,16,0
LEARN\DB3.DBF,CREDIT,N,16,0
LEARN\DB3.DBF,BALANCE,N,16,0
LEARN\DB3.DBF,ADVBOOK,N,10,0
LEARN\DB3.DBF,MLNAME,C,30,0
LEARN\DBB.DBF,DATE,D,8,0
LEARN\DBB.DBF,CODE,N,6,0
LEARN\DBB.DBF,CCODE,N,6,0
LEARN\DBB.DBF,MLC,C,6,0
LEARN\DBB.DBF,PARTICULAR,C,80,0
LEARN\DBB.DBF,TYPE,C,1,0
LEARN\DBB.DBF,VNO,N,10,0
LEARN\DBB.DBF,PRNO,N,8,0
LEARN\DBB.DBF,INVOICENO,N,10,0
LEARN\DBB.DBF,QTY,N,10,2
LEARN\DBB.DBF,UNIT,C,3,0
LEARN\DBB.DBF,RATE,N,8,2
LEARN\DBB.DBF,VALUE,N,12,0
LEARN\DBB.DBF,PVALUE,N,10,2
LEARN\DBB.DBF,ST,N,5,2
LEARN\DBB.DBF,STAX,N,10,0
LEARN\DBB.DBF,DISC,N,5,2
LEARN\DBB.DBF,DISCOUNT,N,10,0
LEARN\DBB.DBF,DEBIT,N,12,0
LEARN\DBB.DBF,CREDIT,N,12,0
LEARN\DBB.DBF,BALANCE,N,12,0
LEARN\DBB.DBF,ADVBOOK,N,10,0
LEARN\DBDB.DBF,DATE,D,8,0
LEARN\DBDB.DBF,CODE,N,6,0
LEARN\DBDB.DBF,CCODE,N,6,0
LEARN\DBDB.DBF,MLC,C,6,0
LEARN\DBDB.DBF,PARTICULAR,C,80,0
LEARN\DBDB.DBF,TYPE,C,1,0
LEARN\DBDB.DBF,VNO,N,10,0
LEARN\DBDB.DBF,PRNO,N,8,0
LEARN\DBDB.DBF,INVOICENO,N,10,0
LEARN\DBDB.DBF,QTY,N,10,2
LEARN\DBDB.DBF,UNIT,C,3,0
LEARN\DBDB.DBF,RATE,N,8,2
LEARN\DBDB.DBF,VALUE,N,12,0
LEARN\DBDB.DBF,PVALUE,N,10,2
LEARN\DBDB.DBF,ST,N,5,2
LEARN\DBDB.DBF,STAX,N,10,0
LEARN\DBDB.DBF,DISC,N,5,2
LEARN\DBDB.DBF,DISCOUNT,N,10,0
LEARN\DBDB.DBF,DEBIT,N,12,0
LEARN\DBDB.DBF,CREDIT,N,12,0
LEARN\DBDB.DBF,BALANCE,N,12,0
LEARN\DBDB.DBF,ADVBOOK,N,10,0
LEARN\DELETE.DBF,MODE,C,1,0
LEARN\DELETE.DBF,DATE,D,8,0
LEARN\DELETE.DBF,PCODE,C,10,0
LEARN\DELETE.DBF,LNAME,C,40,0
LEARN\DELETE.DBF,PARTICULAR,C,70,0
LEARN\DELETE.DBF,TYPE,C,1,0
LEARN\DELETE.DBF,VNO,N,6,0
LEARN\DELETE.DBF,QTY,N,12,0
LEARN\DELETE.DBF,PDATE,D,8,0
LEARN\DELETE.DBF,CODE,N,10,0
LEARN\DELETE.DBF,INVOICENO,N,10,0
LEARN\DELETE.DBF,BILLNO,N,10,0
LEARN\DELETE.DBF,UNIT,C,10,0
LEARN\DELETE.DBF,RATE,N,10,0
LEARN\DELETE.DBF,CASE,N,10,0
LEARN\DELETE.DBF,FILL,N,7,0
LEARN\DELETE.DBF,SAMOUNT,N,10,0
LEARN\DELETE.DBF,DISCOUNT,N,10,0
LEARN\DELETE.DBF,STAX,N,10,0
LEARN\DELETE.DBF,GATEPASS,N,8,0
LEARN\DELETE.DBF,PVALUE,N,10,0
LEARN\DELETE.DBF,DEBIT,N,10,0
LEARN\DELETE.DBF,CREDIT,N,10,0
LEARN\DELETE.DBF,BALANCE,N,10,0
LEARN\DELETE.DBF,LBALANCE,N,10,0
LEARN\DELETE.DBF,OPDR,N,10,0
LEARN\DELETE.DBF,OPCR,N,10,0
LEARN\DELETE.DBF,CBL,N,10,0
LEARN\EDB.DBF,USER,C,20,0
LEARN\EDB.DBF,DEPT,C,1,0
LEARN\EDB.DBF,DATE,D,8,0
LEARN\EDB.DBF,CODE,N,10,0
LEARN\EDB.DBF,PCODE,C,10,0
LEARN\EDB.DBF,PARTICULAR,C,80,0
LEARN\EDB.DBF,TYPE,C,1,0
LEARN\EDB.DBF,VNO,N,6,0
LEARN\EDB.DBF,GPNO,N,10,0
LEARN\EDB.DBF,DRIVERNAME,C,40,0
LEARN\EDB.DBF,VEHNO,C,10,0
LEARN\EDB.DBF,MLC,C,2,0
LEARN\EDB.DBF,LOTNO,N,10,0
LEARN\EDB.DBF,INVOICENO,N,10,0
LEARN\EDB.DBF,RATE,N,10,2
LEARN\EDB.DBF,GQTY,N,10,0
LEARN\EDB.DBF,BAGS,N,10,0
LEARN\EDB.DBF,FILL,N,10,0
LEARN\EDB.DBF,EXCESS,N,10,0
LEARN\EDB.DBF,LESS,N,10,0
LEARN\EDB.DBF,KANTA,N,10,0
LEARN\EDB.DBF,QTY,N,10,0
LEARN\EDB.DBF,PVALUE,N,12,0
LEARN\EDB.DBF,VALUE,N,12,0
LEARN\EDB.DBF,FREIGHT,N,12,0
LEARN\EDB.DBF,XFREIGHT,N,12,0
LEARN\EDB.DBF,DEBIT,N,12,0
LEARN\EDB.DBF,CREDIT,N,12,0
LEARN\EDB.DBF,BALANCE,N,12,0
LEARN\EDB.DBF,LBALANCE,N,12,0
LEARN\EDB.DBF,OPDR,N,12,0
LEARN\EDB.DBF,OPCR,N,12,0
LEARN\EDB.DBF,CDR,N,12,0
LEARN\EDB.DBF,CCR,N,12,0
LEARN\EDB.DBF,CBL,N,12,0
LEARN\EDB.DBF,LNAME,C,60,0
LEARN\EDB.DBF,BSCODE,C,5,0
LEARN\EDB.DBF,PLCODE,C,5,0
LEARN\EDB.DBF,CFCODE,C,5,0
LEARN\EDB.DBF,PDATE,D,8,0
LEARN\EDB.DBF,DUEDATE,D,8,0
LEARN\EDB.DBF,REMARKS,C,40,0
LEARN\EDB.DBF,DETAILS,C,10,0
LEARN\EDB.DBF,STATUS,C,10,0
LEARN\EDB.DBF,PNAME,C,40,0
LEARN\EDB.DBF,JAN,N,10,0
LEARN\EDB.DBF,FEB,N,10,0
LEARN\EDB.DBF,MAR,N,10,0
LEARN\EDB.DBF,APR,N,10,0
LEARN\EDB.DBF,MAY,N,10,0
LEARN\EDB.DBF,JUN,N,10,0
LEARN\EDB.DBF,JUL,N,10,0
LEARN\EDB.DBF,AUG,N,10,0
LEARN\EDB.DBF,SEP,N,10,0
LEARN\EDB.DBF,OCT,N,10,0
LEARN\EDB.DBF,NOV,N,10,0
LEARN\EDB.DBF,DEC,N,10,0
LEARN\FBS.DBF,DEPT,C,1,0
LEARN\FBS.DBF,DATE,D,8,0
LEARN\FBS.DBF,GPNO,N,8,0
LEARN\FBS.DBF,CODE,N,8,0
LEARN\FBS.DBF,PCODE,C,10,0
LEARN\FBS.DBF,PARTICULAR,C,100,0
LEARN\FBS.DBF,MLC,C,2,0
LEARN\FBS.DBF,VNO,N,10,0
LEARN\FBS.DBF,TYPE,C,1,0
LEARN\FBS.DBF,LOTNO,N,10,0
LEARN\FBS.DBF,GALAWEIGHT,N,10,0
LEARN\FBS.DBF,QTY,N,10,0
LEARN\FBS.DBF,RATE,N,10,0
LEARN\FBS.DBF,VALUE,N,10,0
LEARN\FoxyPreviewer_Settings.dbf,PROPERTY,C,25,0
LEARN\FoxyPreviewer_Settings.dbf,CVALUE,C,254,0
LEARN\FoxyPreviewer_Settings.dbf,NVALUE,I,4,0
LEARN\FoxyPreviewer_Settings.dbf,LVALUE,L,1,0
LEARN\FoxyPreviewer_Settings.dbf,_NullFlags,0,1,0
LEARN\HBARDANA.DBF,DEPT,C,1,0
LEARN\HBARDANA.DBF,DATE,D,8,0
LEARN\HBARDANA.DBF,GPNO,N,8,0
LEARN\HBARDANA.DBF,CODE,N,8,0
LEARN\HBARDANA.DBF,PCODE,C,10,0
LEARN\HBARDANA.DBF,PARTICULAR,C,100,0
LEARN\HBARDANA.DBF,DRIVERNAME,C,40,0
LEARN\HBARDANA.DBF,VNO,N,10,0
LEARN\HBARDANA.DBF,TYPE,C,1,0
LEARN\HBARDANA.DBF,QTY,N,10,0
LEARN\HBARDANA.DBF,RATE,N,10,0
LEARN\HBARDANA.DBF,VALUE,N,10,0
LEARN\HBARDANA.DBF,FREIGHT,N,10,0
LEARN\HBARDANA.DBF,LCODE,N,10,0
LEARN\HBARDANA.DBF,LOCATION,C,30,0
LEARN\HBARDANA.DBF,OPQTY,N,10,0
LEARN\HBARDANA.DBF,RQTY,N,10,0
LEARN\HBARDANA.DBF,IQTY,N,10,0
LEARN\HBARDANA.DBF,DQTY,N,10,0
LEARN\HCODE.DBF,CODE,N,6,0
LEARN\HCODE.DBF,MLNAME,C,50,0
LEARN\HCODE.DBF,UNIT,C,12,0
LEARN\HCODE.DBF,RATE,N,10,2
LEARN\HUSKING.DBF,DEPT,C,1,0
LEARN\HUSKING.DBF,DATE,D,8,0
LEARN\HUSKING.DBF,GPNO,N,8,0
LEARN\HUSKING.DBF,CODE,N,8,0
LEARN\HUSKING.DBF,PCODE,C,10,0
LEARN\HUSKING.DBF,PARTICULAR,C,100,0
LEARN\HUSKING.DBF,DRIVERNAME,C,40,0
LEARN\HUSKING.DBF,VEHNO,C,15,0
LEARN\HUSKING.DBF,MLC,C,2,0
LEARN\HUSKING.DBF,VNO,N,10,0
LEARN\HUSKING.DBF,TYPE,C,1,0
LEARN\HUSKING.DBF,LOTNO,N,10,0
LEARN\HUSKING.DBF,GQTY,N,10,0
LEARN\HUSKING.DBF,BAGS,N,10,0
LEARN\HUSKING.DBF,FILL,N,10,2
LEARN\HUSKING.DBF,EXCESS,N,10,0
LEARN\HUSKING.DBF,LESS,N,10,0
LEARN\HUSKING.DBF,QTY,N,10,0
LEARN\HUSKING.DBF,RATE,N,10,0
LEARN\HUSKING.DBF,VALUE,N,10,0
LEARN\HUSKING.DBF,FREIGHT,N,10,0
LEARN\HUSKING.DBF,LCODE,N,10,0
LEARN\HUSKING.DBF,LOCATION,C,30,0
LEARN\INVOICE.DBF,DATE,D,8,0
LEARN\INVOICE.DBF,TYPE,C,1,0
LEARN\INVOICE.DBF,VNO,N,10,0
LEARN\INVOICE.DBF,INVOICENO,N,10,0
LEARN\JDB.DBF,USER,C,20,0
LEARN\JDB.DBF,DEPT,C,1,0
LEARN\JDB.DBF,DATE,D,8,0
LEARN\JDB.DBF,CODE,N,10,0
LEARN\JDB.DBF,PCODE,C,10,0
LEARN\JDB.DBF,PARTICULAR,C,80,0
LEARN\JDB.DBF,TYPE,C,1,0
LEARN\JDB.DBF,VNO,N,6,0
LEARN\JDB.DBF,GPNO,N,10,0
LEARN\JDB.DBF,DRIVERNAME,C,40,0
LEARN\JDB.DBF,VEHNO,C,10,0
LEARN\JDB.DBF,MLC,C,2,0
LEARN\JDB.DBF,LOTNO,N,10,0
LEARN\JDB.DBF,INVOICENO,N,10,0
LEARN\JDB.DBF,RATE,N,10,2
LEARN\JDB.DBF,GQTY,N,10,0
LEARN\JDB.DBF,BAGS,N,10,0
LEARN\JDB.DBF,FILL,N,10,0
LEARN\JDB.DBF,EXCESS,N,10,0
LEARN\JDB.DBF,LESS,N,10,0
LEARN\JDB.DBF,KANTA,N,10,0
LEARN\JDB.DBF,QTY,N,10,0
LEARN\JDB.DBF,VALUE,N,10,0
LEARN\JDB.DBF,FREIGHT,N,10,0
LEARN\JDB.DBF,XFREIGHT,N,10,0
LEARN\JDB.DBF,DEBIT,N,10,0
LEARN\JDB.DBF,CREDIT,N,10,0
LEARN\JDB.DBF,BALANCE,N,10,0
LEARN\JDB.DBF,LBALANCE,N,10,0
LEARN\JDB.DBF,OPDR,N,10,0
LEARN\JDB.DBF,OPCR,N,10,0
LEARN\JDB.DBF,CDR,N,10,0
LEARN\JDB.DBF,CCR,N,10,0
LEARN\JDB.DBF,CBL,N,10,0
LEARN\JDB.DBF,LNAME,C,60,0
LEARN\JDB.DBF,BSCODE,C,5,0
LEARN\JDB.DBF,PLCODE,C,5,0
LEARN\JDB.DBF,CFCODE,C,5,0
LEARN\JDB.DBF,PDATE,D,8,0
LEARN\JDB.DBF,DUEDATE,D,8,0
LEARN\JDB.DBF,REMARKS,C,40,0
LEARN\JDB.DBF,DETAILS,C,10,0
LEARN\JDB.DBF,STATUS,C,10,0
LEARN\JDB.DBF,PNAME,C,40,0
LEARN\JDB.DBF,JAN,N,10,0
LEARN\JDB.DBF,FEB,N,10,0
LEARN\JDB.DBF,MAR,N,10,0
LEARN\JDB.DBF,APR,N,10,0
LEARN\JDB.DBF,MAY,N,10,0
LEARN\JDB.DBF,JUN,N,10,0
LEARN\JDB.DBF,JUL,N,10,0
LEARN\JDB.DBF,AUG,N,10,0
LEARN\JDB.DBF,SEP,N,10,0
LEARN\JDB.DBF,OCT,N,10,0
LEARN\JDB.DBF,NOV,N,10,0
LEARN\JDB.DBF,DEC,N,10,0
LEARN\LCODE.DBF,LCODE,N,6,0
LEARN\LCODE.DBF,LOCATION,C,40,0
LEARN\MAIN.DBF,USER,C,20,0
LEARN\MAIN.DBF,DEPT,C,1,0
LEARN\MAIN.DBF,DATE,D,8,0
LEARN\MAIN.DBF,PCODE,C,10,0
LEARN\MAIN.DBF,SPO,C,5,0
LEARN\MAIN.DBF,PARTICULAR,C,80,0
LEARN\MAIN.DBF,TYPE,C,1,0
LEARN\MAIN.DBF,VNO,N,10,0
LEARN\MAIN.DBF,CCODE,N,10,0
LEARN\MAIN.DBF,GCODE,N,10,0
LEARN\MAIN.DBF,MAINCODE,C,10,0
LEARN\MAIN.DBF,CODE,N,10,0
LEARN\MAIN.DBF,RECENO,N,10,0
LEARN\MAIN.DBF,LOTNO,N,10,0
LEARN\MAIN.DBF,INVOICENO,N,10,0
LEARN\MAIN.DBF,BILLNO,N,10,0
LEARN\MAIN.DBF,CELLNO,C,15,0
LEARN\MAIN.DBF,VEHNO,C,15,0
LEARN\MAIN.DBF,CNO,C,15,0
LEARN\MAIN.DBF,CNO1,C,15,0
LEARN\MAIN.DBF,BUILTYNO,N,10,0
LEARN\MAIN.DBF,FREIGHT,N,10,0
LEARN\MAIN.DBF,TRUCKADA,C,40,0
LEARN\MAIN.DBF,UNIT,C,10,0
LEARN\MAIN.DBF,RATE,N,10,2
LEARN\MAIN.DBF,CASE,N,10,0
LEARN\MAIN.DBF,FILL,N,10,3
LEARN\MAIN.DBF,GQTY,N,10,2
LEARN\MAIN.DBF,EXCESS,N,10,2
LEARN\MAIN.DBF,KANTA,N,10,2
LEARN\MAIN.DBF,LESS,N,10,2
LEARN\MAIN.DBF,OTHERS,N,10,0
LEARN\MAIN.DBF,LABOUR,N,10,0
LEARN\MAIN.DBF,ABR,N,10,2
LEARN\MAIN.DBF,BROKERY,N,10,2
LEARN\MAIN.DBF,ALR,N,10,2
LEARN\MAIN.DBF,ABARDANA,N,10,0
LEARN\MAIN.DBF,ABROK,N,10,2
LEARN\MAIN.DBF,ABROKERY,N,10,0
LEARN\MAIN.DBF,LBR,N,10,2
LEARN\MAIN.DBF,ALABOUR,N,10,0
LEARN\MAIN.DBF,ASR,N,10,2
LEARN\MAIN.DBF,ASTICHING,N,10,0
LEARN\MAIN.DBF,AER,N,10,2
LEARN\MAIN.DBF,AEXTRALOAD,N,10,0
LEARN\MAIN.DBF,ASOTR,N,10,2
LEARN\MAIN.DBF,ASOTTRI,N,10,0
LEARN\MAIN.DBF,AIR,N,10,2
LEARN\MAIN.DBF,AINNERLAB,N,10,0
LEARN\MAIN.DBF,AMR,N,10,2
LEARN\MAIN.DBF,AMUNSHYANA,N,10,0
LEARN\MAIN.DBF,CR,N,10,2
LEARN\MAIN.DBF,STICHING,N,10,0
LEARN\MAIN.DBF,QTY,N,10,2
LEARN\MAIN.DBF,SAMOUNT,N,10,2
LEARN\MAIN.DBF,XFREIGHT,N,12,0
LEARN\MAIN.DBF,NEWFLD,C,10,0
LEARN\MAIN.DBF,VALUE,N,14,2
LEARN\MAIN.DBF,DISC,N,10,2
LEARN\MAIN.DBF,SDISCOUNT,N,10,0
LEARN\MAIN.DBF,DISCOUNT,N,10,2
LEARN\MAIN.DBF,PVALUE,N,14,2
LEARN\MAIN.DBF,RETURN,N,14,2
LEARN\MAIN.DBF,DEBIT,N,14,2
LEARN\MAIN.DBF,CREDIT,N,14,2
LEARN\MAIN.DBF,BALANCE,N,14,2
LEARN\MAIN.DBF,LBALANCE,N,14,0
LEARN\MAIN.DBF,OPDR,N,14,0
LEARN\MAIN.DBF,OPCR,N,14,0
LEARN\MAIN.DBF,CDR,N,14,0
LEARN\MAIN.DBF,CCR,N,14,0
LEARN\MAIN.DBF,CBL,N,14,0
LEARN\MAIN.DBF,LNAME,C,60,0
LEARN\MAIN.DBF,BSCODE,C,5,0
LEARN\MAIN.DBF,PLCODE,C,5,0
LEARN\MAIN.DBF,CFCODE,C,5,0
LEARN\MAIN.DBF,PDATE,D,8,0
LEARN\MAIN.DBF,REMARKS,C,40,0
LEARN\MAIN.DBF,DETAILS,M,4,0
LEARN\MAIN.DBF,LCODE,N,10,0
LEARN\MAIN.DBF,LOCATION,C,30,0
LEARN\MAIN.DBF,BAGS,N,10,0
LEARN\MAIN.DBF,GPNO,N,10,0
LEARN\MAIN.DBF,DUEDATE,D,8,0
LEARN\MAIN.DBF,DRIVERNAME,C,40,0
LEARN\MAIN.DBF,MLC,C,6,0
LEARN\MC.DBF,MLC,C,2,0
LEARN\MC.DBF,MLNAME,C,40,0
LEARN\MC.DBF,ADDRESS,C,40,0
LEARN\MC.DBF,CITY,C,20,0
LEARN\MC.DBF,PHONE,C,20,0
LEARN\MDB.DBF,DATE,D,8,0
LEARN\MDB.DBF,PCODE,C,10,0
LEARN\MDB.DBF,MLNAME,C,20,0
LEARN\MDB.DBF,VNO,N,10,0
LEARN\MDB.DBF,TYPE,C,1,0
LEARN\MDB.DBF,PARTICULAR,C,80,0
LEARN\MDB.DBF,DEBIT,N,12,0
LEARN\MDB.DBF,CREDIT,N,12,0
LEARN\MDB.DBF,BALANCE,N,12,0
LEARN\MDB.DBF,PDATE,D,8,0
LEARN\MDB.DBF,LNAME,C,30,0
LEARN\MDEPT.DBF,PCODE,C,5,0
LEARN\MDEPT.DBF,DEP_NM,C,30,0
LEARN\MTMP.DBF,DEPT,C,1,0
LEARN\MTMP.DBF,IDATE,D,8,0
LEARN\MTMP.DBF,DATE,D,8,0
LEARN\MTMP.DBF,SPONO,C,5,0
LEARN\MTMP.DBF,PCODE,C,10,0
LEARN\MTMP.DBF,VCODE,C,10,0
LEARN\MTMP.DBF,PARTICULAR,C,80,0
LEARN\MTMP.DBF,TYPE,C,1,0
LEARN\MTMP.DBF,VNO,N,6,0
LEARN\MTMP.DBF,CODE,N,10,0
LEARN\MTMP.DBF,INVOICENO,N,10,0
LEARN\MTMP.DBF,BILLNO,N,10,0
LEARN\MTMP.DBF,BNO,C,10,0
LEARN\MTMP.DBF,RECENO,N,10,0
LEARN\MTMP.DBF,UNIT,C,10,0
LEARN\MTMP.DBF,RATE,N,12,4
LEARN\MTMP.DBF,QTY,N,10,2
LEARN\MTMP.DBF,SAMOUNT,N,12,0
LEARN\MTMP.DBF,COMM,N,10,0
LEARN\MTMP.DBF,COMMAMT,N,10,0
LEARN\MTMP.DBF,NETAMT,N,12,0
LEARN\MTMP.DBF,DISC,N,8,2
LEARN\MTMP.DBF,DISCOUNT,N,10,0
LEARN\MTMP.DBF,RETURN,N,10,0
LEARN\MTMP.DBF,PVALUE,N,12,0
LEARN\MTMP.DBF,DEBIT,N,12,0
LEARN\MTMP.DBF,CREDIT,N,12,0
LEARN\MTMP.DBF,BALANCE,N,12,0
LEARN\MTMP.DBF,LBALANCE,N,12,0
LEARN\MTMP.DBF,OPDR,N,12,2
LEARN\MTMP.DBF,OPCR,N,12,2
LEARN\MTMP.DBF,CDR,N,12,0
LEARN\MTMP.DBF,CCR,N,12,0
LEARN\MTMP.DBF,CBL,N,12,0
LEARN\MTMP.DBF,LNAME,C,60,0
LEARN\MTMP.DBF,BSCODE,C,5,0
LEARN\MTMP.DBF,PLCODE,C,5,0
LEARN\MTMP.DBF,CFCODE,C,5,0
LEARN\MTMP.DBF,PDATE,D,8,0
LEARN\MTMP.DBF,REMARKS,C,30,0
LEARN\MTMP.DBF,SNO,N,10,0
LEARN\MTMP_1.DBF,USER,C,20,0
LEARN\MTMP_1.DBF,DEPT,C,1,0
LEARN\MTMP_1.DBF,DATE,D,8,0
LEARN\MTMP_1.DBF,CODE,N,10,0
LEARN\MTMP_1.DBF,PCODE,C,10,0
LEARN\MTMP_1.DBF,PARTICULAR,C,80,0
LEARN\MTMP_1.DBF,TYPE,C,1,0
LEARN\MTMP_1.DBF,VNO,N,6,0
LEARN\MTMP_1.DBF,GPNO,N,10,0
LEARN\MTMP_1.DBF,DRIVERNAME,C,40,0
LEARN\MTMP_1.DBF,VEHNO,C,10,0
LEARN\MTMP_1.DBF,MLC,C,2,0
LEARN\MTMP_1.DBF,LOTNO,N,10,0
LEARN\MTMP_1.DBF,INVOICENO,N,10,0
LEARN\MTMP_1.DBF,RATE,N,10,2
LEARN\MTMP_1.DBF,GQTY,N,10,0
LEARN\MTMP_1.DBF,BAGS,N,10,0
LEARN\MTMP_1.DBF,FILL,N,10,0
LEARN\MTMP_1.DBF,EXCESS,N,10,0
LEARN\MTMP_1.DBF,LESS,N,10,0
LEARN\MTMP_1.DBF,KANTA,N,10,0
LEARN\MTMP_1.DBF,QTY,N,10,0
LEARN\MTMP_1.DBF,PVALUE,N,12,0
LEARN\MTMP_1.DBF,VALUE,N,12,0
LEARN\MTMP_1.DBF,SAMOUNT,N,12,2
LEARN\MTMP_1.DBF,DISC,N,10,2
LEARN\MTMP_1.DBF,DISCOUNT,N,12,2
LEARN\MTMP_1.DBF,FREIGHT,N,12,0
LEARN\MTMP_1.DBF,XFREIGHT,N,12,0
LEARN\MTMP_1.DBF,STAX,N,12,0
LEARN\MTMP_1.DBF,DEBIT,N,12,0
LEARN\MTMP_1.DBF,CREDIT,N,12,0
LEARN\MTMP_1.DBF,BALANCE,N,12,0
LEARN\MTMP_1.DBF,LBALANCE,N,12,0
LEARN\MTMP_1.DBF,OPDR,N,12,0
LEARN\MTMP_1.DBF,OPCR,N,12,0
LEARN\MTMP_1.DBF,CDR,N,12,0
LEARN\MTMP_1.DBF,CCR,N,12,0
LEARN\MTMP_1.DBF,CBL,N,12,0
LEARN\MTMP_1.DBF,LNAME,C,60,0
LEARN\MTMP_1.DBF,BSCODE,C,5,0
LEARN\MTMP_1.DBF,PLCODE,C,5,0
LEARN\MTMP_1.DBF,CFCODE,C,5,0
LEARN\MTMP_1.DBF,PDATE,D,8,0
LEARN\MTMP_1.DBF,DUEDATE,D,8,0
LEARN\MTMP_1.DBF,REMARKS,C,40,0
LEARN\MTMP_1.DBF,DETAILS,C,10,0
LEARN\MTMP_1.DBF,STATUS,C,10,0
LEARN\MTMP_1.DBF,PNAME,C,40,0
LEARN\MTMP_1.DBF,JAN,N,10,0
LEARN\MTMP_1.DBF,FEB,N,10,0
LEARN\MTMP_1.DBF,MAR,N,10,0
LEARN\MTMP_1.DBF,APR,N,10,0
LEARN\MTMP_1.DBF,MAY,N,10,0
LEARN\MTMP_1.DBF,JUN,N,10,0
LEARN\MTMP_1.DBF,JUL,N,10,0
LEARN\MTMP_1.DBF,AUG,N,10,0
LEARN\MTMP_1.DBF,SEP,N,10,0
LEARN\MTMP_1.DBF,OCT,N,10,0
LEARN\MTMP_1.DBF,NOV,N,10,0
LEARN\MTMP_1.DBF,DEC,N,10,0
LEARN\MTMP_1.DBF,LCODE,N,10,0
LEARN\MTMP_1.DBF,LOCATION,C,30,0
LEARN\PADDY.DBF,DEPT,C,1,0
LEARN\PADDY.DBF,DATE,D,8,0
LEARN\PADDY.DBF,GPNO,N,8,0
LEARN\PADDY.DBF,CODE,N,8,0
LEARN\PADDY.DBF,PCODE,C,10,0
LEARN\PADDY.DBF,PARTICULAR,C,100,0
LEARN\PADDY.DBF,DRIVERNAME,C,40,0
LEARN\PADDY.DBF,VEHNO,C,15,0
LEARN\PADDY.DBF,MLC,C,2,0
LEARN\PADDY.DBF,VNO,N,10,0
LEARN\PADDY.DBF,TYPE,C,1,0
LEARN\PADDY.DBF,INVOICENO,N,10,0
LEARN\PADDY.DBF,LOTNO,N,10,0
LEARN\PADDY.DBF,LOADWT,N,10,0
LEARN\PADDY.DBF,EMPTYWT,N,10,0
LEARN\PADDY.DBF,GQTY,N,10,0
LEARN\PADDY.DBF,POLY,N,10,0
LEARN\PADDY.DBF,JUTE,N,10,0
LEARN\PADDY.DBF,BAGS,N,10,0
LEARN\PADDY.DBF,FILL,N,10,2
LEARN\PADDY.DBF,EXCESS,N,10,0
LEARN\PADDY.DBF,LESS,N,10,0
LEARN\PADDY.DBF,KANTA,N,10,0
LEARN\PADDY.DBF,QTY,N,10,0
LEARN\PADDY.DBF,RATE,N,10,0
LEARN\PADDY.DBF,VALUE,N,10,0
LEARN\PADDY.DBF,ABARDANA,N,10,0
LEARN\PADDY.DBF,ALABOUR,N,10,0
LEARN\PADDY.DBF,ABROKERY,N,10,0
LEARN\PADDY.DBF,ASTICHING,N,10,0
LEARN\PADDY.DBF,AEXTRALOAD,N,10,0
LEARN\PADDY.DBF,ASOTTRI,N,10,0
LEARN\PADDY.DBF,AINNERLAB,N,10,0
LEARN\PADDY.DBF,AMUNSHYANA,N,10,0
LEARN\PADDY.DBF,STICHING,N,10,0
LEARN\PADDY.DBF,COMM,N,10,0
LEARN\PADDY.DBF,LABOUR,N,10,0
LEARN\PADDY.DBF,OTHERS,N,10,0
LEARN\PADDY.DBF,FREIGHT,N,10,0
LEARN\PADDY.DBF,XFREIGHT,N,10,0
LEARN\PADDY.DBF,LCODE,N,10,0
LEARN\PADDY.DBF,LOCATION,C,30,0
LEARN\PADDY.DBF,DEBIT,N,10,0
LEARN\PADDY.DBF,CREDIT,N,10,0
LEARN\PADDY.DBF,BALANCE,N,10,0
LEARN\PADYTMP.DBF,CODE,N,6,0
LEARN\PADYTMP.DBF,DATE,D,8,0
LEARN\PADYTMP.DBF,PARTICULAR,C,40,0
LEARN\PADYTMP.DBF,CASE,N,10,1
LEARN\PADYTMP.DBF,QTY,N,10,2
LEARN\PADYTMP.DBF,RATE,N,10,2
LEARN\PADYTMP.DBF,VALUE,N,12,2
LEARN\PBILL.DBF,DEPT,C,1,0
LEARN\PBILL.DBF,DATE,D,8,0
LEARN\PBILL.DBF,PCODE,C,10,0
LEARN\PBILL.DBF,SPO,C,5,0
LEARN\PBILL.DBF,PARTICULAR,C,80,0
LEARN\PBILL.DBF,TYPE,C,1,0
LEARN\PBILL.DBF,VNO,N,6,0
LEARN\PBILL.DBF,CCODE,N,10,0
LEARN\PBILL.DBF,GCODE,N,10,0
LEARN\PBILL.DBF,CODE,N,10,0
LEARN\PBILL.DBF,RECENO,N,10,0
LEARN\PBILL.DBF,INVOICENO,N,10,0
LEARN\PBILL.DBF,BILLNO,N,10,0
LEARN\PBILL.DBF,CELLNO,C,15,0
LEARN\PBILL.DBF,VEHNO,C,15,0
LEARN\PBILL.DBF,CNO,C,15,0
LEARN\PBILL.DBF,CNO1,C,15,0
LEARN\PBILL.DBF,BUILTYNO,N,10,0
LEARN\PBILL.DBF,FREIGHT,N,10,0
LEARN\PBILL.DBF,TRUCKADA,C,40,0
LEARN\PBILL.DBF,UNIT,C,10,0
LEARN\PBILL.DBF,RATE,N,10,2
LEARN\PBILL.DBF,CASE,N,10,0
LEARN\PBILL.DBF,FILL,N,10,3
LEARN\PBILL.DBF,GQTY,N,10,2
LEARN\PBILL.DBF,LESS,N,10,2
LEARN\PBILL.DBF,BROKERY,N,10,2
LEARN\PBILL.DBF,QTY,N,10,2
LEARN\PBILL.DBF,SAMOUNT,N,10,2
LEARN\PBILL.DBF,DISC,N,10,2
LEARN\PBILL.DBF,SDISCOUNT,N,10,0
LEARN\PBILL.DBF,DISCOUNT,N,10,2
LEARN\PBILL.DBF,PVALUE,N,10,2
LEARN\PBILL.DBF,RETURN,N,10,2
LEARN\PBILL.DBF,DEBIT,N,10,2
LEARN\PBILL.DBF,CREDIT,N,10,2
LEARN\PBILL.DBF,BALANCE,N,10,2
LEARN\PBILL.DBF,LBALANCE,N,10,0
LEARN\PBILL.DBF,OPDR,N,10,0
LEARN\PBILL.DBF,OPCR,N,10,0
LEARN\PBILL.DBF,CDR,N,10,0
LEARN\PBILL.DBF,CCR,N,10,0
LEARN\PBILL.DBF,CBL,N,10,0
LEARN\PBILL.DBF,LNAME,C,60,0
LEARN\PBILL.DBF,BSCODE,C,5,0
LEARN\PBILL.DBF,PLCODE,C,5,0
LEARN\PBILL.DBF,CFCODE,C,5,0
LEARN\PBILL.DBF,PDATE,D,8,0
LEARN\PBILL.DBF,REMARKS,C,40,0
LEARN\PBILL.DBF,DETAILS,M,4,0
LEARN\PCODE.DBF,CODE,N,6,0
LEARN\PCODE.DBF,MLNAME,C,50,0
LEARN\PCODE.DBF,UNIT,C,12,0
LEARN\PCODE.DBF,RATE,N,10,2
LEARN\pf1.DBF,DEPT,C,1,0
LEARN\pf1.DBF,CODE,N,6,0
LEARN\pf1.DBF,DATE,D,8,0
LEARN\pf1.DBF,PARTICULAR,C,30,0
LEARN\pf1.DBF,TYPE,C,1,0
LEARN\pf1.DBF,VNO,N,10,0
LEARN\pf1.DBF,INVOICENO,N,10,0
LEARN\pf1.DBF,OPQTY,N,12,2
LEARN\pf1.DBF,QTY,N,12,2
LEARN\pf1.DBF,RATE,N,12,2
LEARN\pf1.DBF,DISCOUNT,N,10,0
LEARN\pf1.DBF,VALUE,N,12,0
LEARN\pf1.DBF,RQTY,N,12,2
LEARN\pf1.DBF,SQTY,N,12,2
LEARN\pf1.DBF,MLNAME,C,40,0
LEARN\pf1.DBF,UTYPE,C,40,0
LEARN\pf1.DBF,PRQTY,N,12,2
LEARN\pf1.DBF,SRQTY,N,12,2
LEARN\pf1.DBF,PVALUE,N,12,3
LEARN\PINVOICE.DBF,DATE,D,8,0
LEARN\PINVOICE.DBF,TYPE,C,1,0
LEARN\PINVOICE.DBF,VNO,N,10,0
LEARN\PINVOICE.DBF,INVOICENO,N,10,0
LEARN\PLCODE.DBF,PLCODE,C,5,0
LEARN\PLCODE.DBF,DEP_NM,C,60,0
LEARN\PROCESS.DBF,DEPT,C,1,0
LEARN\PROCESS.DBF,DATE,D,8,0
LEARN\PROCESS.DBF,GPNO,N,8,0
LEARN\PROCESS.DBF,CODE,N,8,0
LEARN\PROCESS.DBF,PCODE,C,10,0
LEARN\PROCESS.DBF,PARTICULAR,C,100,0
LEARN\PROCESS.DBF,DRIVERNAME,C,40,0
LEARN\PROCESS.DBF,VEHNO,C,15,0
LEARN\PROCESS.DBF,MLC,C,2,0
LEARN\PROCESS.DBF,VNO,N,10,0
LEARN\PROCESS.DBF,TYPE,C,1,0
LEARN\PROCESS.DBF,INVOICENO,N,10,0
LEARN\PROCESS.DBF,LOTNO,N,10,0
LEARN\PROCESS.DBF,GQTY,N,10,0
LEARN\PROCESS.DBF,BAGS,N,10,0
LEARN\PROCESS.DBF,FILL,N,10,2
LEARN\PROCESS.DBF,EXCESS,N,10,0
LEARN\PROCESS.DBF,LESS,N,10,0
LEARN\PROCESS.DBF,QTY,N,10,0
LEARN\PROCESS.DBF,RATE,N,10,0
LEARN\PROCESS.DBF,VALUE,N,10,0
LEARN\PROCESS.DBF,FREIGHT,N,10,0
LEARN\PROCESS.DBF,XFREIGHT,N,10,0
LEARN\PROCESS.DBF,LCODE,N,10,0
LEARN\PROCESS.DBF,LOCATION,C,30,0
LEARN\PROCESS.DBF,RQTY,N,10,0
LEARN\PROCESS.DBF,PQTY,N,10,0
LEARN\PROCESS.DBF,RETURN,N,10,0
LEARN\PROTMP.DBF,CODE,N,6,0
LEARN\PROTMP.DBF,DATE,D,8,0
LEARN\PROTMP.DBF,PARTICULAR,C,40,0
LEARN\PROTMP.DBF,CASE,N,10,1
LEARN\PROTMP.DBF,QTY,N,10,2
LEARN\PROTMP.DBF,RATE,N,10,2
LEARN\PROTMP.DBF,VALUE,N,12,2
LEARN\PSTOCK.DBF,DEPT,C,1,0
LEARN\PSTOCK.DBF,DATE,D,8,0
LEARN\PSTOCK.DBF,GPNO,N,8,0
LEARN\PSTOCK.DBF,CODE,N,8,0
LEARN\PSTOCK.DBF,PCODE,C,10,0
LEARN\PSTOCK.DBF,PARTICULAR,C,100,0
LEARN\PSTOCK.DBF,DRIVERNAME,C,40,0
LEARN\PSTOCK.DBF,VEHNO,C,15,0
LEARN\PSTOCK.DBF,MLC,C,2,0
LEARN\PSTOCK.DBF,VNO,N,10,0
LEARN\PSTOCK.DBF,TYPE,C,1,0
LEARN\PSTOCK.DBF,LOTNO,N,10,0
LEARN\PSTOCK.DBF,GQTY,N,10,0
LEARN\PSTOCK.DBF,BAGS,N,10,0
LEARN\PSTOCK.DBF,FILL,N,10,2
LEARN\PSTOCK.DBF,EXCESS,N,10,0
LEARN\PSTOCK.DBF,LESS,N,10,0
LEARN\PSTOCK.DBF,QTY,N,10,0
LEARN\PSTOCK.DBF,RATE,N,10,0
LEARN\PSTOCK.DBF,VALUE,N,10,0
LEARN\PSTOCK.DBF,FREIGHT,N,10,0
LEARN\PSTOCK.DBF,LCODE,N,10,0
LEARN\PSTOCK.DBF,LOCATION,C,30,0
LEARN\PSTOCK.DBF,RQTY,N,10,0
LEARN\PSTOCK.DBF,RETURN,N,10,0
LEARN\PSTOCK.DBF,PQTY,N,10,0
LEARN\PTMP.DBF,CODE,N,6,0
LEARN\PTMP.DBF,DATE,D,8,0
LEARN\PTMP.DBF,PARTICULAR,C,40,0
LEARN\PTMP.DBF,CASE,N,10,1
LEARN\PTMP.DBF,QTY,N,10,2
LEARN\PTMP.DBF,RATE,N,10,2
LEARN\PTMP.DBF,VALUE,N,12,2
LEARN\SECT.DBF,PCODE,C,2,0
LEARN\SECT.DBF,SEC_NM,C,30,0
LEARN\SINVOICE.DBF,DATE,D,8,0
LEARN\SINVOICE.DBF,TYPE,C,1,0
LEARN\SINVOICE.DBF,VNO,N,10,0
LEARN\SINVOICE.DBF,INVOICENO,N,10,0
LEARN\SMS.DBF,DATE,D,8,0
LEARN\SMS.DBF,PCODE,C,10,0
LEARN\SMS.DBF,MLNAME,C,40,0
LEARN\SMS.DBF,DEBIT,N,12,0
LEARN\SMS.DBF,CREDIT,N,12,0
LEARN\SMS.DBF,BALANCE,N,12,0
LEARN\SMS.DBF,TYPE,C,1,0
LEARN\SMS.DBF,ADDRESS4,C,12,0
LEARN\SMS.DBF,ADDRESS,C,40,0
LEARN\SMS.DBF,ADDRESS3,C,40,0
LEARN\SMS.DBF,SPO,C,5,0
LEARN\SUMMARY.DBF,DEPT,C,1,0
LEARN\SUMMARY.DBF,DATE,D,8,0
LEARN\SUMMARY.DBF,CODE,N,7,2
LEARN\SUMMARY.DBF,SPONO,C,5,0
LEARN\SUMMARY.DBF,SPO,C,5,0
LEARN\SUMMARY.DBF,PCODE,C,10,0
LEARN\SUMMARY.DBF,TYPE,C,1,0
LEARN\SUMMARY.DBF,RECENO,N,10,0
LEARN\SUMMARY.DBF,RATE,N,10,0
LEARN\SUMMARY.DBF,OCT,N,12,0
LEARN\SUMMARY.DBF,NOV,N,12,0
LEARN\SUMMARY.DBF,DEC,N,12,0
LEARN\SUMMARY.DBF,JAN,N,12,0
LEARN\SUMMARY.DBF,FEB,N,12,0
LEARN\SUMMARY.DBF,MAR,N,12,0
LEARN\SUMMARY.DBF,APR,N,12,0
LEARN\SUMMARY.DBF,MAY,N,12,0
LEARN\SUMMARY.DBF,JUN,N,12,0
LEARN\SUMMARY.DBF,JUL,N,12,0
LEARN\SUMMARY.DBF,AUG,N,12,0
LEARN\SUMMARY.DBF,SEP,N,12,0
LEARN\SUMMARY.DBF,DEBIT,N,13,0
LEARN\SUMMARY.DBF,CREDIT,N,13,0
LEARN\SUMMARY.DBF,BALANCE,N,13,0
LEARN\SUMMARY.DBF,SAMOUNT,N,13,0
LEARN\SUMMARY.DBF,PVALUE,N,12,0
LEARN\SUMMARY.DBF,QTY,N,10,0
LEARN\SUMMARY.DBF,DISCOUNT,N,10,0
LEARN\SUMMARY.DBF,JAN1,N,10,0
LEARN\SUMMARY.DBF,FEB1,N,10,0
LEARN\SUMMARY.DBF,MAR1,N,10,0
LEARN\SUMMARY.DBF,APR1,N,10,0
LEARN\SUMMARY.DBF,MAY1,N,10,0
LEARN\SUMMARY.DBF,JUN1,N,10,0
LEARN\SUMMARY.DBF,JUL1,N,10,0
LEARN\SUMMARY.DBF,AUG1,N,10,0
LEARN\SUMMARY.DBF,SEP1,N,10,0
LEARN\SUMMARY.DBF,OCT1,N,10,0
LEARN\SUMMARY.DBF,NOV1,N,10,0
LEARN\SUMMARY.DBF,DEC1,N,10,0
LEARN\SUMMARY.DBF,JAN2,N,10,0
LEARN\SUMMARY.DBF,FEB2,N,10,0
LEARN\SUMMARY.DBF,MAR2,N,10,0
LEARN\SUMMARY.DBF,APR2,N,10,0
LEARN\SUMMARY.DBF,MAY2,N,10,0
LEARN\SUMMARY.DBF,JUN2,N,10,0
LEARN\SUMMARY.DBF,JUL2,N,10,0
LEARN\SUMMARY.DBF,AUG2,N,10,0
LEARN\SUMMARY.DBF,SEP2,N,10,0
LEARN\SUMMARY.DBF,OCT2,N,10,0
LEARN\SUMMARY.DBF,NOV2,N,10,0
LEARN\SUMMARY.DBF,DEC2,N,10,0
LEARN\SUMMARY.DBF,CASE,N,10,0
LEARN\TMP.DBF,CODE,N,6,0
LEARN\TMP.DBF,DATE,D,8,0
LEARN\TMP.DBF,PARTICULAR,C,40,0
LEARN\TMP.DBF,CASE,N,10,1
LEARN\TMP.DBF,QTY,N,10,2
LEARN\TMP.DBF,RATE,N,10,2
LEARN\TMP.DBF,VALUE,N,12,2
LEARN\TMP2.DBF,INVOICENO,N,10,0
LEARN\TMP2.DBF,CODE,N,10,0
LEARN\TMP2.DBF,DATE,D,8,0
LEARN\TMP2.DBF,PCODE,C,10,0
LEARN\TMP2.DBF,PARTICULAR,C,40,0
LEARN\TMP2.DBF,QTY,N,10,2
LEARN\TMP2.DBF,RATE,N,10,3
LEARN\TMP2.DBF,SAMOUNT,N,12,2
LEARN\TMP2.DBF,DISC,N,10,2
LEARN\TMP2.DBF,DISCOUNT,N,10,2
LEARN\TMP2.DBF,NETAMOUNT,N,10,2
LEARN\TMP3.DBF,INVOICENO,N,10,0
LEARN\TMP3.DBF,CODE,N,10,0
LEARN\TMP3.DBF,DATE,D,8,0
LEARN\TMP3.DBF,PCODE,C,10,0
LEARN\TMP3.DBF,PARTICULAR,C,50,0
LEARN\TMP3.DBF,QTY,N,10,2
LEARN\TMP3.DBF,RATE,N,10,3
LEARN\TMP3.DBF,SAMOUNT,N,12,2
LEARN\VTMP.DBF,DATE,D,8,0
LEARN\VTMP.DBF,PCODE,C,10,0
LEARN\VTMP.DBF,PARTICULAR,C,80,0
LEARN\VTMP.DBF,TYPE,C,1,0
LEARN\VTMP.DBF,VNO,N,10,0
LEARN\VTMP.DBF,DEBIT,N,12,0
LEARN\VTMP.DBF,CREDIT,N,12,0
LEARN\VTMP.DBF,BALANCE,N,12,0
LEARN\VTMP.DBF,PDATE,D,8,0
VVFP9\APPUSER.DBF,USERNAME,C,60,0
VVFP9\APPUSER.DBF,USERLEVEL,I,4,0
VVFP9\APPUSER.DBF,USERPASS,M,4,0
VVFP9\APPUSER.DBF,USEROPTS,M,4,0
VVFP9\APPUSER.DBF,USERFAVE,M,4,0
VVFP9\APPUSER.DBF,USERMACRO,M,4,0
VVFP9\APPUSER.DBF,USERNOTES,M,4,0
VVFP9\BROWSER.DBF,PLATFORM,C,8,0
VVFP9\BROWSER.DBF,TYPE,C,12,0
VVFP9\BROWSER.DBF,ID,C,12,0
VVFP9\BROWSER.DBF,DEFAULT,L,1,0
VVFP9\BROWSER.DBF,GLOBAL,L,1,0
VVFP9\BROWSER.DBF,BACKUP,L,1,0
VVFP9\BROWSER.DBF,NAME,M,4,0
VVFP9\BROWSER.DBF,DESC,M,4,0
VVFP9\BROWSER.DBF,METHOD,M,4,0
VVFP9\BROWSER.DBF,PROPERTIES,M,4,0
VVFP9\BROWSER.DBF,SCRIPT,M,4,0
VVFP9\BROWSER.DBF,PROGRAM,M,4,0
VVFP9\BROWSER.DBF,CLASSLIB,M,4,0
VVFP9\BROWSER.DBF,CLASSNAME,M,4,0
VVFP9\BROWSER.DBF,FILEFILTER,M,4,0
VVFP9\BROWSER.DBF,DISPMODE,N,1,0
VVFP9\BROWSER.DBF,TOP,N,6,0
VVFP9\BROWSER.DBF,LEFT,N,6,0
VVFP9\BROWSER.DBF,HEIGHT,N,6,0
VVFP9\BROWSER.DBF,WIDTH,N,6,0
VVFP9\BROWSER.DBF,HEIGHT1,N,6,0
VVFP9\BROWSER.DBF,WIDTH1,N,6,0
VVFP9\BROWSER.DBF,HEIGHT2,N,6,0
VVFP9\BROWSER.DBF,WIDTH2,N,6,0
VVFP9\BROWSER.DBF,WINDOWSTAT,N,1,0
VVFP9\BROWSER.DBF,PROTECTED,L,1,0
VVFP9\BROWSER.DBF,EMPTY,L,1,0
VVFP9\BROWSER.DBF,HIDDEN,L,1,0
VVFP9\BROWSER.DBF,DESCBOXES,L,1,0
VVFP9\BROWSER.DBF,AUTOEXPAND,L,1,0
VVFP9\BROWSER.DBF,PUSHPIN,L,1,0
VVFP9\BROWSER.DBF,PCBROWSER,L,1,0
VVFP9\BROWSER.DBF,VIEWMODE,N,1,0
VVFP9\BROWSER.DBF,FONTINFO,M,4,0
VVFP9\BROWSER.DBF,FORMCOUNT,N,4,0
VVFP9\BROWSER.DBF,UPDATED,T,8,0
VVFP9\BROWSER.DBF,COMMENT,M,4,0
VVFP9\BROWSER.DBF,USER1,M,4,0
VVFP9\BROWSER.DBF,USER2,M,4,0
VVFP9\BROWSER.DBF,USER3,M,4,0
VVFP9\BROWSER.DBF,USER4,M,4,0
VVFP9\FOXCODE.DBF,TYPE,C,1,0
VVFP9\FOXCODE.DBF,ABBREV,C,24,0
VVFP9\FOXCODE.DBF,EXPANDED,C,26,0
VVFP9\FOXCODE.DBF,CMD,C,15,0
VVFP9\FOXCODE.DBF,TIP,M,4,0
VVFP9\FOXCODE.DBF,DATA,M,4,0
VVFP9\FOXCODE.DBF,CASE,C,1,0
VVFP9\FOXCODE.DBF,SAVE,L,1,0
VVFP9\FOXCODE.DBF,TIMESTAMP,T,8,0
VVFP9\FOXCODE.DBF,SOURCE,M,4,0
VVFP9\FOXCODE.DBF,UNIQUEID,C,10,0
VVFP9\FOXCODE.DBF,USER,M,4,0
VVFP9\FOXTASK.DBF,UNIQUEID,C,10,0
VVFP9\FOXTASK.DBF,TIMESTAMP,N,10,0
VVFP9\FOXTASK.DBF,FILENAME,M,4,0
VVFP9\FOXTASK.DBF,CLASS,M,4,0
VVFP9\FOXTASK.DBF,METHOD,M,4,0
VVFP9\FOXTASK.DBF,LINE,N,6,0
VVFP9\FOXTASK.DBF,CONTENTS,M,4,0
VVFP9\FOXTASK.DBF,TYPE,C,1,0
VVFP9\FOXTASK.DBF,DUEDATE,D,8,0
VVFP9\FOXTASK.DBF,PRIORITY,N,1,0
VVFP9\FOXTASK.DBF,STATUS,N,1,0
VVFP9\FOXUSER.DBF,TYPE,C,12,0
VVFP9\FOXUSER.DBF,ID,C,12,0
VVFP9\FOXUSER.DBF,NAME,M,4,0
VVFP9\FOXUSER.DBF,READONLY,L,1,0
VVFP9\FOXUSER.DBF,CKVAL,N,6,0
VVFP9\FOXUSER.DBF,DATA,M,4,0
VVFP9\FOXUSER.DBF,UPDATED,D,8,0
VVFP9\genhtml.dbf,TYPE,C,12,0
VVFP9\genhtml.dbf,ID,C,24,0
VVFP9\genhtml.dbf,LINKS,M,4,0
VVFP9\genhtml.dbf,TEXT,M,4,0
VVFP9\genhtml.dbf,DESC,M,4,0
VVFP9\genhtml.dbf,CLASSNAME,M,4,0
VVFP9\genhtml.dbf,CLASSLIB,M,4,0
VVFP9\genhtml.dbf,MODULE,M,4,0
VVFP9\genhtml.dbf,PICTURE,M,4,0
VVFP9\genhtml.dbf,PROPERTIES,M,4,0
VVFP9\genhtml.dbf,HTML,M,4,0
VVFP9\genhtml.dbf,STYLE,M,4,0
VVFP9\genhtml.dbf,SCRIPT,M,4,0
VVFP9\genhtml.dbf,PRESCRIPT,M,4,0
VVFP9\genhtml.dbf,GENSCRIPT,M,4,0
VVFP9\genhtml.dbf,POSTSCRIPT,M,4,0
VVFP9\genhtml.dbf,HEADSTART,M,4,0
VVFP9\genhtml.dbf,HEADEND,M,4,0
VVFP9\genhtml.dbf,BODYSTART,M,4,0
VVFP9\genhtml.dbf,BODYEND,M,4,0
VVFP9\genhtml.dbf,UPDATED,T,8,0
VVFP9\genhtml.dbf,COMMENT,M,4,0
VVFP9\genhtml.dbf,USER,M,4,0
VVFP9\genhtml.dbf,VERSION,M,4,0
VVFP9\genhtml.dbf,SAVE,L,1,0
VVFP9\LABELS.DBF,TYPE,C,12,0
VVFP9\LABELS.DBF,ID,C,12,0
VVFP9\LABELS.DBF,NAME,C,24,0
VVFP9\LABELS.DBF,READONLY,L,1,0
VVFP9\LABELS.DBF,CKVAL,N,6,0
VVFP9\LABELS.DBF,DATA,M,4,0
VVFP9\LABELS.DBF,UPDATED,D,8,0
VVFP9\WIZARDS\WIZARD.DBF,NAME,C,45,0
VVFP9\WIZARDS\WIZARD.DBF,DESCRIPT,M,4,0
VVFP9\WIZARDS\WIZARD.DBF,BITMAP,M,4,0
VVFP9\WIZARDS\WIZARD.DBF,TYPE,C,20,0
VVFP9\WIZARDS\WIZARD.DBF,PROGRAM,M,4,0
VVFP9\WIZARDS\WIZARD.DBF,CLASSLIB,M,4,0
VVFP9\WIZARDS\WIZARD.DBF,CLASSNAME,M,4,0
VVFP9\WIZARDS\WIZARD.DBF,PARMS,M,4,0
